PRODUCTO,% IVA ,UNIDAD,SOBRE,CAJA,CANTIDAD,USO
ABRILAR X 100 ml JARABE (MEGALABS),0,"27,800",,,,
ACEITE CORPORAL DE COCO X 120 ml (ATHOS),19,"5,900",,,,
ACEITE CORPORAL DE COCO X 250 ml (ATHOS),19,"9,500",,,,
ACEITE DE AGUACATE X 120 ml (NATURAL SANT),19,"4,500",,,,
ACEITE DE ALMENDRAS Dr SANA X 450 ml (BIOFARMA),19,"9,500",,,,
ACEITE DE ALMENDRAS X 120 ml (NATURAL SANT),19,"5,900",,,,
ACEITE DE ALMENDRAS X 25 cc (YOMA),19,"1,800",,,,
ACEITE DE CALENDULA X 120 ml (NATURAL SANT),19,,,,,
ACEITE DE COCO X 120 ml (NATURAL SANT),19,,,,,
ACEITE DE NARANJA X 120 ml (NATURAL SANT),19,,,,,
ACEITE DE RICINO X 20 ml (PROMARQUIM),19,"2,200",,,,
ACEITE DE RICINO X 25 ml (YOMA),19,"2,200",,,,
ACEITE DE RICINO X 500 ml  (PROMARQUIM),19,,,,,
ACEITE DE RICINO X 60 ml (PROMARQUIM),19,"3,400",,,,
ACEITE DE RICINO X 60 ml (YOMA),19,"3,400",,,,
ACEITE DE ROMERO X 120 ml (NATURAL SANT),19,,,,,
ACEITE DE ZANAHORIA X 120 ml (NATURAL SANT),19,,,,,
ACEITE JOHNSON & JOHNSON BABY ORIGINAL X 50 ml (JOHNSON),19,"4,900",,,,
ACEITE MINERAL Dr SANA X 450 ml (BIOFARMA),19,,,,,
ACEITE ROSA MOSQUETA X 120 ml (NATURAL SANT),19,,,,,
ACETAMINOFEN + BUTIL BROMURO DE HIOSCINA,0,,,,X20,
ACETAMINOFEN 100 mg X 30 ml GOTAS (LAPROFF),0,"3,400",,,,
ACETAMINOFEN 150 mg X 90 ml JARABE (LAPROFF),0,"2,400",,,,
ACETAMINOFEN 500 mg TABLETAS (AMERICAN GENERICS),0,100,800 (X10),6.800 (X100),,
ACETAMINOFEN 500 mg TABLETAS (GENFAR),0,,1.000 (X10),9.500 (X100),,
ACETAMINOFEN 500 mg TABLETAS (LAPROFF),0,100,700 (X10),19.000 (X300),,
ACETAMINOFEN NIÑOS 2+ X 90 ml JARABE (LAPROFF),0,"2,900",,,,
ACETATO DE ALUMINIO LOCION X 120 ml (BODY MANTLE),0,"3,500",,,,
ACETATO DE ALUMINIO LOCION X 120 ml (LAFRANCOL),0,"4,500",,,,
ACETATO DE ALUMINIO X 25 SOBRES (GENFAR),0,"1,000",,,,
ACETATO DE ALUMINIO X 500 ml (YOKY),19,"12,000",,,,
ACICLOVIR 200 mg TABLETAS (LAPROFF),0,400,2.900 (X8),,,
ACICLOVIR 5% X 15 gr CREMA (ANGLOPHARMA),0,"5,700",,,,
ACICLOVIR 5% X 15 gr UNGÜENTO (COASPHARMA),0,"5,700",,,,
ACICLOVIR 5% X 15 gr UNGÜENTO (LAPROFF),0,"5,700",,,,
ACICLOVIR 800 mg TABLETAS (GENFAR),0,"1,000",,9.800 (X10),,
ACICLOVIR 800 mg TABLETAS (LAFRANCOL),0,800,,7.800 (X10),,
ACICLOVIR 800 mg TABLETAS (LAPROFF),0,750,7.300 (X10),,,
ACID MANTLE JABON X 90 gr (BAYER),0,"7,500",,,,
ACID MANTLE X 120 ml (BAYER),0,"16,900",,,,
ACIDO ACETILSALICILICO 100 mg TABLETAS (ANGLOPHARMA),0,,900 (X10),,,
ACIDO ACETILSALICILICO 100 mg TABLETAS (GENFAR),0,,1.400 (X10),,,
ACIDO BORICO X 15 gr SOBRES (DROFARMA),19,500,,,,
ACIDO BORICO X 15 gr SOBRES (PROMARQUIM),19,500,,,,
ACIDO BORICO X 200 gr (PROMARQUIM),19,"3,500",,,,
ACIDO BORICO X 400 gr (PROMARQUIM),19,"6,500",,,,
ACIDO FOLICO 1 mg TABLETAS (ECAR),0,,800 (X10),,,
ACIDO FOLICO 1 mg TABLETAS (LAPROFF),0,,800 (X10),,,
ACIDO FUSIDICO 2% X 15 gr CREMA (MEMPHIS),0,"7,500",,,,
ACIDO RETINOICO 0.04% CREMA ANTIACNE X 15 gr (AMERICA),0,"11,500",,,,
ACIDO RETINOICO 0.05% X 60 ml LOCION (QUIFARMA),0,"14,900",,,,
ACIDO SALICILICO X 10 gr SOBRES (YOMA),,800,,,,
ACIDO VALPROICO 250 mg CAPSULAS (MEDICK),0,,3.900 (X10),7.500 (X20),,
ACTIFREN ADULTO FRESA X 360 ml (INMCO),0,"12,500",,,,
ACTIFREN NIÑOS CEREZA X 360 ml (INMCO),0,"12,500",,,,
ACTIVA 21 TABLETAS,0,"6,500",,,,
ACTIVOX TABLETAS MASTICABLES SOBRES (NATURAL FRESHLY),0,"1,700",,,X12,
ADOREM 500 mg TABLETAS (SIEGFRIED),0,450,,,X100,
ADOREM PLUS TABLETAS (SIEGFRIED),0,700,,,X100,
ADVIL GRAGEAS (GLAXOSMITHKLINE),0,900,8.800 (X10),,X60,
ADVIL CHILDREN DE 6 MESES A 12 AÑOS X 60 ml SUSPENSION (GLAXOSMITHKLINE),0,"15,900",,,,
ADVIL GRIPA MULTISINTOMAS CAPSULAS (GLAXOSMITHKLINE),0,"1,600",,,X72,
ADVIL GRIPA CAPSULAS (GLAXOSMITHKLINE),0,"1,600",,,X72,
ADVIL MAX CAPSULAS LIQUIDAS  (GLAXOSMITHKLINE),0,"1,500",,,X72,
ADVIL ULTRA CAPSULAS (GLAXOSMITHKLINE),0,"1,500",,,X72,
AGUA DE ROSAS X 500 cc (YOMA),,"2,500",,,,
AGUA ESTERIL PARA INYECCION X 5 ml AMPOLLAS,0,500,,,X10,
AGUA OXIGENADA X 120 ml (OSSA),0,"2,600",,,,
AGUA OXIGENADA X 60 ml DE 10 SOLUCION OXIGENTA,19,"1,300",,,,
AGUA OXIGENADA X 60 ml DE 20 SOLUCION OXIGENTA,19,"1,300",,,,
ALBENDAZOL 100 mg X 20 ml SUSPENSION (GENFAR),0,"3,200",,,,
ALBENDAZOL 200 mg TABLETAS (GENFAR),0,,,"2,500",X2,
ALCANFOR TARRO (YOMA),19,800,,,X80,
ALCOHOL X 120 ml (JGB),0,"2,000",,,,
ALCOHOL X 350 ml (JGB),0,"3,800",,,,
ALCOHOL X 700 ml (JGB),0,"6,800",,,,
ALCOHOL X 700 ml (TQ),0,"6,800",,,,
ALENDRONATO 70 mg TABLETAS (MEMPHIS),0,,,"7,500",X4,
ALFA Z COLAGENO X 10 gr VAINILLA SOBRES,0,"1,500",,37.500 (X30),,
ALGODÓN X 25 gr (HIGIETEX),0,"1,200",,,,
ALIVMIEL ADULTOS X 120 ml JARABE (VYTAFAR),0,,,,,
ALIZAPRIDA ALIPRID 12 mg X 15 ml GOTAS (HUMAX),0,"28,900",,,,
ALKA SELTZER EXTREME SOBRES (BAYER),0,"2,400",,,,
ALKA SELTZER TABLETAS (BAYER),0,900,,,X60,
ALLERZITINA 10 mg TABLETAS (LAFRANCOL),0,,,"21,500",X10,
ALOPURINOL 100 mg TABLETAS (AMERICAN GENERICS),0,"6,500",,,X30,
ALOPURINOL 100 mg TABLETAS (MEMPHIS),0,"9,500",,,X30,
ALTEX JABON NATURAL X 90 gr (TECNOQUIMICAS),,"8,500",,,,
AMBROXOL ADULTO 30 mg x 120 ml JARABE (LAPROFF),0,"4,700",,,,
AMBROXOL PEDIATRICO 15 mg X 120 ml JARABE (LAPROFF),0,"4,700",,,,
AMITRIPTILINA 25 mg TABLETAS (RECIPE),0,100,1.500 (X15),2.800 (X30),,
AMLODIPINO 10 mg TABLETAS (COASPHARMA),0,,,2.500 (X10),,
AMLODIPINO 10 mg TABLETAS (FARMACOOP),0,,,2.500 (X10),,
AMLODIPINO 10 mg TABLETAS (LAPROFF),0,,,2.500 (X10),,
AMLODIPINO 10 mg TABLETAS (MEMPHIS),0,,,2.500 (X10),,
AMLODIPINO 5 mg TABLETAS (LAPROFF),0,,1.200 (X10),,X300 ^ X10,
AMOXICILINA 250 mg X 100 ml SUSPENSION (GENFAR),0,"7,500",,,,
AMOXICILINA 250 mg X 100 ml SUSPENSION (TECNOQUIMICAS),0,"7,900",,,,
AMOXICILINA 250 mg X 45 ml SUSPENSION (MEMPHIS),0,"3,900",,,,
AMOXICILINA 250 mg X 45 ml SUSPENSION (TECNOQUIMICAS),0,5500,,,,
AMOXICILINA 250 mg/5ml X 60 ml SUSPENSION (PROFMA),0,4900,,,,
AMOXICILINA 500 mg CAPSULAS (LAFRANCOL),0,,,,,
AMOXICILINA 500 mg CAPSULAS (GENFAR),0,350,3.400 (X10),,X50,
AMOXICILINA 500 mg CAPSULAS (LA SANTE),0,300,2.700 (X10),,X50,
AMPICILINA 1000 mg TABLETAS (TECNOQUIMICAS),0,"1,000",9.800 (X10),,X100,
AMPICILINA 250 mg X 60 ml SUSPENSION (COASPHARMA),0,"4,900",,,,
AMPICILINA 500 mg CAPSULAS (TECNOQUIMICAS),0,550,5.400 (X10),,X100,
ANEMIDOX CAPSULAS ,0,,,"68,000",X30,
ANGELPIN SILDENAFIL 50 mg CAPSULAS (EUROFARMA),0,,,"3,400",X2,
ANTAX CALENDULA X 170 ml SUSPENSION (FUNAT),0,"12,800",,,,
ANTAX CALENDULA X 360 ml SUSPENSION (FUNAT),0,"23,800",,,,
ANTIBIL X 22 gr POLVO (ANTIBIL),0,"3,900",,,,
APRONAX BLUE CAPSULAS BLANDAS (BAYER),0,"1,600",,,X50,
APRONAX LIQUID GEL 275 mg CAPSULAS (BAYER),0,,,,X50,
ARAWAK DESPIGMENTADOR CUTANEO DIA SOBRES,0,"1,900",,,X12,
ARAWAK DESPIGMENTADOR CUTANEO NOCHE SOBRES,0,"1,900",,,X12,
ASAWIN PEDIATRICO 100 mg TABLETAS (SANOFI),0,400,3.600 (X10),,X100,
ASEPXIA JABON BICARBONATO X 100 gr (GENOMA),,"9,800",,,,
ASEPXIA JABON CARBON X 100 gr (GENOMA),,"9,800",,,,
ASEPXIA POLVO X 10 gr (GENOMA),,"22,500",,,,
ASOBRONCOL NF X 120 ml JARABE (ROCIPHAR),0,"12,500",,,,
ASOBRONCOL X 120 ml JARABE (ROCIPHAR),0,"9,800",,,,
ASPIRADOR NASAL CORCHITO (GRAN ANDINA),19,"5,500",,,,
ASPIRINA 100 mg X TABLETAS (BAYER),0,550,7.300 (X14),14.200 (X28),X140,
ASPIRINA EFERVESCENTE (BAYER),0,"1,300",,,X50,
ASPIRINA ULTRA 500 mg TABLETAS (BAYER),0,700,2.800 (X4),,X100,
ATLETICS GEL DICLOFENACO X 60 gr (ECAR),0,"36,500",,,,
ATORVASTATINA 20 mg TABLETAS RECUBIERTAS (MEMPHIS),0,,,5.700 (X10),,
ATORVASTATINA 20 mg TABLETAS RECUBIERTAS (ECAR),0,,4.200 (X10),,X100,
ATORVASTATINA 20 mg TABLETAS RECUBIERTAS (LAPROFF),0,,4.200 (X10),,X50,
ATORVASTATINA 40 mg TABLETAS RECUBIERTAS (ECAR),0,,,9.000 (X10),,
ATORVASTATINA 40 mg TABLETAS (LAPROFF),0,,9.000 (X10),26.000 (X30),,
AXPIRA (SALBUTAMOL) 100 mcg X 200 DOSIS (AVALON),0,"8,000",,,,
AZITROMICINA 200 mg/5ml X 15 ml SUSPENSION (MK),0,"14,900",,,,
AZITROMICINA 500 mg TABLETAS (GENFAR),0,,,"5,800",X3,
AZITROMICINA 500 mg TABLETAS (MEMPHIS),0,,,"4,900",X3,
B-VIT HT AMPOLLA PRELLENADA,0,"29,000",,85.000 (X3),,
BACTRODERM ALCOHOL CON GLICERINA X 58 ml (ECAR),0,,,,,
BACTRODERM ESPUMA X 60 ml (ECAR),0,"6,900",,,,
BACTRODERM X 60 ml SOLUCION (ECAR),0,"5,900",,,,
BAYCUTEN N X 20 gr CREMA (BAYER),0,"23,800",,,,
BAYCUTEN N X 35 gr CREMA (BAYER),0,36.00,,,,
BECLAZONE 30 mg NIFEDIPINO CAPSULAS (NOVAMED),0,,,"6,900",X10,
BECLOMETASONA ECLOSYNT 250 mcg X 200 DOSIS (BCN),0,"21,500",,,,
BECLOMETASONA ECLOSYNT BUCAL 50 mcg X 200 DOSIS SPRAY (BCN),0,"21,500",,,,
BECLOMETASONA ECLOSYNT NASAL 50 mcg X 200 DOSIS SPRAY (BCN),0,"22,500",,,,
BELLAFACE SUAVE 2/0.02 mcg TABLETAS (LAFRANCOL),0,,,"16,800",X28,
BELLAFACE TABLETAS (LAFRANCOL),0,,,"16,800",X21,
BEN-GAY SILICATO DE METILO/MENTOL DEPORTISTAS X 30 gr CREMA TOPICA (SANOFI),0,"23,500",,,,
BEN-GAY SILICATO DE METILO/MENTOL X 30 gr CREMA TOPICA (SANOFI),0,"23,500",,,,
BENLIC BETAM+CLOTRI+GNT X 40 gr CREMA (PROFMA),0,"14,900",,,,
BENLIC X 20 gr CREMA (PROFMA),0,"7,800",,,,
BENZOATO DE BENCILO 30% X 120 ml SOLUCION (COASPHARMA),0,"5,900",,,,
BEPANTHENE NIÑOS X 30 gr,19,"19,800",,,,
BETAHISTINA 16 mg TABLETAS (EUROFARMA),0,,13.900 (X10),39.000 (X30),,
BETAHISTINA 8 mg TABLETAS RECUBIERTAS (MEMPHIS),0,900,8.900 (X10),,X50,
BETAMETASONA + NEOMICINA + CLOTRIMAZOL X 40 gr CREMA TOPICA (AMERICAN GENERICS),0,"7,900",,,,
BETAMETASONA 0.1% X 20 gr CREMA TOPICA (LAFRANCOL),0,"3,900",,,,
BETAMETASONA 0.1% X 40 gr CREMA TOPICA (GENFAR),0,"11,500",,,,
BETAMETASONA 8 mg AMPOYAS INYECTABLES (FARMIONI),0,"1,900",,,X100,
BETAMETASONA BETADIP 0.05% X 40 gr CREMA TOPICA (PROFMA),0,"7,500",,,,
BETOPROLOL 100 mg TABLETAS (ROPSOHN),0,,3.200 (X10),9.400 (X30),,
BETOPROLOL 50 mg TABLETAS (ROPSOHN),0,,1.900 (X10),5.500 (X30),,
BICARBONATO DE SODIO X 400 gr (BLOFARMA),,"3,200",,,,
BIO-LADIET STEVIA DISPENSADOR TABLETAS,5,,,"17,900",X500,
BIO-LADIET STEVIA TABLETAS,5,,,"6,900",X150,
BIOCALCIUM D SOBRES (TECNOQUIMICAS),0,,,"37,900",X30,
BIOCALCIUM PLUS SOBRES (TECNOQUIMICAS),0,,,"41,000",X30,
BIOCICAR X 60 gr CREMA,0,"19,800",,,,
BIOCROS 13.5 gr SOBRES,,"2,900",,,X30,
BION3 TABLETAS (MERCK),0,,,"36,500",X30,
BIOTINA ADVANCED 900 mcg CAPSULAS BLANDAS (BOTANITAS),0,,,,X100,
BIOTINA ADVANCED 900 mcg CAPSULAS (MEDICK),0,,,,X30,
BIPERIDENO 2 mg TABLETAS (TECNOQUIMICAS),0,500,7.500 (X15),,X90,
BISACODILO 5 mg TABLETAS (HUMAX),0,,2.000 (X10),,X10 ^ X100,
BISACODILO 5 mg TABLETAS (RECIPE),0,,3.700 (X20),,X100,
BISOLVON ADULTOS CHOCOLATE CEREZA X 120 ml JARABE (SANOFI),0,"24,800",,,,
BISOLVON LINCTUS ADULTOS 8 mg X 120 ml JARABE (SANOFI),0,"24,800",,,,
BISOLVON LINCTUS NIÑOS X 120 ml JARABE (SANOFI),0,"24,800",,,,
BISOLVON NIÑOS 4 mg X 120 ml JARABE (SANOFI),0,"24,800",,,,
BISOLVON NIÑOS FRESA X 120 ml JARABE (SANOFI),0,"24,800",,,,
BISOLVON TOS SECA X 120 ml JARABE (SANOFI),0,"24,800",,,,
BLANKISIMA 2% X 32 gr CREMA (TECNOQUIMICAS),19,"13,500",,,,
BLOQUEADOR SUN DAYS FPS 50 UV X 10 ml SOBRES,19,"2,200",,,,
BOLSA PRESTO BARBA 3 X 2,19,"7,500",,,,
BONFIEST LUA PLUS SOBRES,0,"2,900",,,X32,
BROMEXINA NIÑOS MUCOTROP X 120 ml JARABE (ANGLOPHARMA),0,"6,800",,,,
BROMURO DE IPRATOPIO 20 mcg INHALADOR BUCAL (BCN),0,"22,500",,,,
BRONCOCHEM NF ADULTOS X 120 ml JARABE (SIEGFRIED),0,"19,500",,,,
BRONCOCHEM NF PEDIATRICO X 120 ml JARABE (SIEGFRIED),0,"17,900",,,,
BRONQUISAN JALEA KIDS X 240 ml (EL MANA),0,"9,500",,,,
BRONQUISAN JALEA X 240 ml (EL MANA),0,"10,500",,,,
BRONQUISAN SOBRES (EL MANA),0,"1,500",,,X60,
BRONQUISOL ADULTO TOS SECA X 120 ml JARABE,0,"21,500",,,,
BRONQUISOL FLEM ADULTO X 120 ml JARABE (JGB),0,"21,500",,,,
BUCOXOL TRIPLE ACCION COOL MINT TABLETAS (JGB),0,"1,200",,,X10,
BUCOXOL TRIPLE ACCION FRUTOS ROJOS TABLETAS (JGB),0,"1,200",,,X10,
BUSCAPINA COMPOSITUM NF 10 mg/325 mg TABLETAS (SANOFI),0,"1,500",14.800 (X10),,,
BUSCAPINA FEM TABLETAS (SANOFI),0,"1,400",,,X90,
BUTILBROMURO DE HIOSCINA 10 mg (LAPROFF),0,500,4.800 (X10),,,
CABESTRILLO ADULTO TALLA L (PROMARQUIM),19,"8,500",,,,
CABESTRILLO JUNIOR TALLA M (CMYLHER),,"8,500",,,,
CABESTRILLO JUNIOR TALLA M (PROMARQUIM),,"8,500",,,,
CAFIASPIRINA FORTE TABLETAS (BAYER),0,"1,200",,,12,
CAFIASPIRINA (BAYER),0,,,,X36,
CALADERM CLEAR PLUS GEL X 120 ml (GERCO),0,"10,800",,,,
CALADERM ROSADO X 120 ml SUSPENSION (GERCO),0,"9,500",,,,
CALADRYL CLEAR X 100 ml,0,"19,500",,,,
CALADRYL LOCION X 100 ml,0,"18,000",,,,
CALMIDOL MAX TABLETAS RECUBIERTAS (SANOFI),0,"1,400",,,X48,
CALTRATE D TABLETAS ,0,,,,X30,
CALTRATE PLUS TABLETAS ,0,,,,X30,
CALZAS DOLPACK BENZOCAINA 2.5 gr/ANTIPIRINA 3 gr SOLUCION TOPICA,0,"5,500",,,,
CANESTEN 1% X 20 gr CREMA TOPICA (BAYER),0,"12,500",,,,
CAPTOPRIL 25 mg TABLETAS (RECIPE),0,,1.300 (X10),3.600 (X30),,
CAPTOPRIL 50 mg TABLETAS (LAPROFF),0,,1.000 (X10),,X300,
CARBAMAZEPINA 200 mg TABLETAS (LAPROFF) ,0,,3.400 (X10),,X300,
CARBONATO DE CALCIO + VIT D TABLETAS (LAPROFF),0,,,,,
CARMELUB TEARS X 15 ml FRASCO (TECNOQUIMICAS),0,"24,800",,,,
CARVEDILOL 12.5 mg TABLETAS (GENFAR),0,,,13.900 (X30),,
CARVEDILOL 6.25 mg TABLETAS (GENFAR),0,,,8.500 (X30),,
CARVEDILOL 6.25 mg TABLETAS (TECNOQUIMICAS),0,,,8.900 (X30),,
CASTAÑO DE INDIAS CAPSULAS (FUNAT),19,,4.000 (X10),,X100,
CASTAÑO DE INDIAS X 70 gr GEL (FUNAT),19,,,,,
CEBION 0.5 gr NARANJA X 100 TABLETAS MASTICABLES (MERCK),0,550,5.300 (X10),,X100,
CEBION FORTE EFERVESCENTE NARANJA TABLETAS (MERCK),0,,13.900 (X10),,X10,
CEFALEXINA 250 mg X 60 ml SUSPENSION (AMERICAN GENERICS),0,"5,900",,,,
CEFALEXINA 250 mg X 60 ml SUSPENSION (LAFRANCOL),0,"5,900",,,,
CEFALEXINA 250 mg/5 ml X 60 ml SUSPENSION (GENFAR),0,"6,500",,,,
CEFALEXINA 500 mg CAPSULAS (GENFAR),0,650,,6.300 (X10),,
CELECOXIB 200 mg CAPSULAS (RECIPE),0,700,,6.800 (X10),,
CENTRUM ADUL SILVER TABLETAS (GLAXOSMITHKLINE),19,,,66.500 (X100),,
CENTRUM ADVANCE TABLETAS (GLAXOSMITHKLINE),19,,,,X100,
CENTRUM ADVANCE TABLETAS (GLAXOSMITHKLINE),19,,,26.500 (X30),,
CENTRUM ADVANCE TABLETAS (GLAXOSMITHKLINE),19,,,55.000 (X60),,
CENTRUM MEN TABLETAS (GLAXOSMITHKLINE),19,,,32.000 (X30),,
CENTRUM SILVER + 50 TABLETAS (GLAXOSMITHKLINE),19,,,32.000 (X30),,
CENTRUM WOMEN TABLETAS (GLAXOSMITHKLINE),19,,,32.000 (X30),,
CEPILLO COLGATE KIDS DR RABBIT (COLGATE),19,"2,200",,,,
CEPILLO COLGATE PREMIER ULTRA CLEAN MEDIO (COLGATE),19,"2,500",,,,
CEPILLO DE DIENTES DR CLEAN CERDAS MULTINIVEL CABEZA ERGONOMICA,19,,,,,
CEPILLO GUM ORTODONCIA (SUNSTAR),19,,,,,
CEPILLO GUM TECHNIQUE DEEP CLEAN (SUNSTAR),19,,,,,
CEPILLO KIDS 320 SUAVE PROQUIDENT,19,,,,,
CEPILLO PRO 425 SUAVE (PRO),19,"3,800",,,,
CERA PARA BRACKETS (YOKY),,"2,900",,,,
CEREBRIT 10+ X 15 gr SOBRES (QUALA),,700,,,,
CEREBRIT FRESA X 330 gr ,,"13,900",,,,
CETIRIZINA 1 mg X 60 ml JARABE (EXPOFARMA),0,"5,300",,,,
CETIRIZINA 10 mg TABLETAS (ECAR),0,200,1.500 (X10),,X400,
CETIRIZINA CLORHIDRATO 10 mg TABLETAS (LAPROFF),0,200,1.500 (X10),,X400,
CHAPSTICK ,19,"9,800",,,,
CHAPSTICK MEDICADO,19,"11,500",,,,
CHUPO DE SILICONA MEDIANO,19,"1,400",,,,
CHUPO DE SILICONA PEQUEÑO (YOMA),19,800,,,,
CHUPO DE SILICONA POPOCHO,19,"1,400",,,,
CICATRICURE CREMA ANTIARRUGAS X 60 gr (GENOAMA),19,"52,000",,,,
CICATRICURE CREMA X 400 ml (GENOMA),19,,,,,
CICATRICURE X 60 gr GEL (GENOMMA),19,"52,000",,,,
CIPROFLOXACINA 500 mg TABLETAS (GENFAR),0,600,,5.900 (X10),,
CIPROFLOXACINA 500 mg TABLETAS (LAFRANCOL),0,450,,4.200 (X10),,
CIPROFLOXACINO 500 mg TABLETAS (AMERICAN GENERICS),0,450,,4.200 (X10),,
CIPROFLOXACINO 500 mg TABLETAS (BCN),0,600,,5.500 (X10),,
CIRUDEL X 20 ml SACHETS ,0,"1,500",,,,
CIRUELAX FORTE COMPRIMIDOS (SCANDINAVIA),0,"1,200",11.800 (X10),,X60,
CITROMEL X 310 ml (JGB),0,"15,900",,,,
CLARITROMICINA 500 mg TABLETAS RECUBIERTAS (AMERICAN GENERICS),0,,,19.800 (X10),,
CLINDAMICINA 2% X 40 gr CREMA VAGINAL (PROCAPS-FARMIONI),0,"9,800",,,,
CLINDAMICINA 300 mg CAPSULAS (COASPHARMA),0,900,,,X24,
CLINDAMICINA 300 mg CAPSULAS (MEMPHIS),0,900,,,X24,
CLOBETASOL 0.05% X 40 gr CREMA TOPICA,0,"7,800",,,,
CLONIDINA HCL 0.150 mg TABLETAS (ANGLOPHARMA),0,,2.200 (X10),10.500 (X50),,
CLOPIDOGREL 75 mg TABLETAS (LAPROFF),0,,,7.300 (X10),,
CLOPIDOGREL 75 mg TABLETAS (MEMPHIS),0,,,8.500 (X10),,
CLORANFENICOL 250 mg CAPSULAS (PROCAPS),0,600,5.800 (X10),,X50,
CLORFENIRAMINA 2 mg/5 ml X 120 ml JARABE (LABINCO),0,"3,500",,,,
CLORFENIRAMINA 4 mg TABLETAS (COASPHARMA),0,,1.200 (X10),2.200 (X20),,
CLORFENIRAMINA 4 mg TABLETAS (FARMACOOP),0,,,,X20,
CLOROQUINA 250 mg TABLETAS RECUBIERTAS,0,,,7.800 (X20),,
CLORURO DE MAGNESIO X 25 gr (YOMA),19,"1,200",,,,
CLORURO DE MAGNESIO X 400 gr (YOMA),19,"13,900",,,,
CLORURO DE MAGNESIO CAPSULAS (NATURAL FRESHLY),0,600,5.000 (X10),,X50,
CLORURO DE MAGNESIO TABLETAS (FUNAT),0,600,5.000 (X10),,X60,
CLORURO DE SODIO 0.9% X 100 ml SOLUCIÓN (CORPAUL),0,"2,200",,,,
CLORURO DE SODIO 0.9% X 250 ml SOLUCIÓN (CORPAUL),0,"2,500",,,,
CLORURO DE SODIO 0.9% X 500 ml ENVASE PLASTICO (CORPAUL),0,"2,900",,,,
CLOTRIMAZOL 1% X 30 ml SOLUCION (LAPROFF),0,"3,200",,,,
CLOTRIMAZOL 100 mg  OVULOS (PROCAPS-COLMED),0,900,,8.800 (X10),,
CLOTRIMAZOL VAGINAL 1 % X 40 gr CREMA (FARMIONI),0,"5,800",,,,
CLOTRIMAZOL VAGINAL 2 % X 20 gr CREMA CON APLICADORES (MEMPHIS),0,"9,800",,,,
CLOTRIMAZOL X 40 gr CREMA TOPICA (FARMIONI),0,"4,300",,,,
COBORAL Z X 221 ml SUSPENSION (BEST),,,,,,
COBORAL Z GRAGEAS (BEST),,,,,X60,
COCAS RECOLECTORAS MATERNAS (YOKY),19,"4,500",,,,
COF COF HEDERA HELIX + PROPOLEO X 120 ml JARABE ,,,,,,
COLAGENO HIDROLIZADO CON BIOTINA VAINILLA X 400 gr POLVO,19,"23,000",,,,
COLAGIN MAX SACHETS,,,,,,
COLCHICINA 0.5 mg TABLETAS (LAPROFF),0,,1.400 (X10),5.500 (X40),,
COLIK FORTE TABLETAS,0,"1,400",,,X40,
COLOR 1 NEGRO PASTILLA PEQUEÑA (INTERBEL),19,"1,500",,,,
COMPLEJO B 10 ml AMPOLLAS INYECTABLES (ECAR),0,"3,200",,,X12,
COMPLEJO B X 120 ml  JARABE (ECAR),0,"8,900",,,,
COMPLEJO B GRAGEAS (ECAR),0,,1.000 (X10),,X250,
COMPLEJO B TABLETAS (LAPROFF),0,,1.000 (X10),,X300,
CONDON CLASICO LISO (MEMPHIS),0,,,"5,500",X3,
CONDON CLIMAX PUNTEADO (MEMPHIS),0,,,,X3,
CONDON EXTASIS BURBUJAS  (MEMPHIS),0,,,,X3,
CONDON HOT  (MEMPHIS),0,,,,X3,
CONDON PUNTO G (MEMPHIS),0,,,,X3,
CONDON TULIP (KENNY INTERNATIONAL),0,600,1.600 (X3),,X20,
CONDON XTREM NORMAL LUBRICADO (BCN),0,,,"4,900",X3,
CONDON XTREM XTRA XTIMULANTE (BCN),0,,,"5,500",X3,
CONDONES TODAY (PFIZER),0,"3,200",,,,
CONGESTEX CAPSULAS,0,900,,,X60,
COPITOS ARCO IRIS ,0,"2,200",,,X80,
COPITOS  (MAXPROTEC),0,"2,200",,,X80,
COPITOS  (YOKY),0,"2,200",,,X80,
COREGA TABLETAS EFERVESENTES (GLAXOSMITHKLINE),19,,,19.500 (X30),,
CORTA UÑAS BEBÉ (YOUMEI) ,19,"1,000",,,,
CORTA UÑAS GRANDE (TRIM),19,"2,000",,,,
CORTA UÑAS PEQUEÑO (TRIM),19,"1,500",,,,
CORTISOLONA HIDROCORTISONA 0.5% X 30 ml LOCION (LABQUIFAR),0,"8,500",,,,
CREMA 4 MEDICADA X 30 gr (TECNOQUIMICAS),0,"12,900",,,,
CREMA 4 X 20 gr (TECNOQUIMICAS),0,"7,900",,,,
CREMA ACLARANTE PEÑA PLUS X 50 gr (PEÑA),,,,,,
CREMA ACLARANTE PEÑA X 120 gr (PEÑA),,,,,,
CREMA ADHESIVA PROTESIS X 40 gr (PROQUIDENT),19,"27,500",,,,
CREMA AMERICA HIDROQUINONA 4% X 15 gr (AMERICA),0,"8,500",,,,
CREMA ANTIEDAD PEÑA X 300 gr (PEÑA),,,,,,
CREMA BARROS Y ESPINILLAS PEÑA x 30 gr (PEÑA),,,,,,
CREMA CORPORAL ALMENDRAS X 250 ml (ATHOS),19,,,,,
CREMA CORPORAL COCO X 250 ml (ATHOS),19,,,,,
CREMA DENTAL COLGATE LUMINOUS WHITE X 50 ml ,19,,,,,
CREMA DENTAL COLGATE LUMINOUS WHITE X 75 ml ,19,,,,,
CREMA DENTAL COLGATE ORIGINAL X 60 ml,19,"3,500",,,,
CREMA DENTAL COLGATE TOTAL 12 CLEAN MINT X 50 ml,19,,,,,
CREMA DENTAL COLGATE TRIPLE ACCION EXTRA BLANCURA X 60 ml,19,,,,,
CREMA DENTAL COLGATE TRIPLE ACCION X 22 ml,19,,,,,
CREMA DENTAL COLGATE TRIPLE ACCION X 50 ml + CEPILLO ,19,"3,400",,,,
CREMA DENTAL COLGATE TRIPLE ACCION X 60 ml,19,,,,,
CREMA DENTAL PROQUIDENT DIENTES SENSIBLES BLANQUEADORA,19,,,,,
CREMA DENTAL PROQUIDENT KIDS SIN FLUOR,19,,,,,
CREMA DENTAL PROQUIDENT TRIPLE ACCION CARBON ACTIVADO,19,,,,,
CREMA DENTAL SENSODYNE BLANQUEADOR EXTRAFRESH X 90 gr (GLAXOSMITHKLINE),19,,,,,
CREMA DENTAL SENSODYNE LIMPIEZA PROFUNDA X 90 gr (GLAXOSMITHKLINE),19,,,,,
CREMA DENTAL SENSODYNE RAPIDO ALIVIO X 100 gr (GLAXOSMITHKLINE),19,,,,,
CREMA DENTAL SENSODYNE REPARA Y PROTEGE BLANQUEADORA X 100 gr (GLAXOSMITHKLINE),19,,,,,
CREMA DENTAL SENSODYNE REPARA Y PROTEGE X 100 gr (GLAXOSMITHKLINE),19,,,,,
CREMA DENTAL SENSODYNE SENSIBILIDAD Y ENCIAS X 100 gr (GLAXOSMITHKLINE),19,,,,,
CREMA DEPILATORIA DEPILEX BIKINI Y AXILAS (BELLEZA EXPRESS),,"16,500",,,,
CREMA DEPILATORIA DEPILEX TODO TIPO DE PIEL (BELLEZA EXPRESS),,"16,500",,,,
CREMA FORZ SOBRES (GERCO),0,"2,000",,,X24,
CREMA HIDRATANTE CORPORAL PEÑA X 100 ml (PEÑA),,,,,,
CREMA HIDRATANTE CORPORAL PEÑA X 240 gr (PEÑA),,,,,,
CREMA HIDRATANTE CORPORAL PEÑA X 450 ml (PEÑA),,,,,,
CREMA LIMPIEZA PROFUNDA PEÑA X 120 gr (PEÑA),,,,,,
CREMA NUTRITIVA PEÑA X 30 gr (PEÑA),,,,,,
CREMA PONDS REJUVENESS 8.5 gr SOBRES (UNILEVER),19,"1,600",,,X10,
CREMA TETRICAL FACIAL DESMAQUILLANTE X 100 gr (GENOMMA),,,,,,
CREMOQUINONA HIDROQUINONA 4% X 30 gr CREMA (BUSSIE),19,"27,800",,,,
CREOLINA VETERINA X 500 ml (PROMARQUIM),0,"6,900",,,,
CRESANOL VETERINA X 25 ml SOLUCION (YOMA),0,"1,500",,,,
CROMOGLICATO DE SODIO CROMOVITAL 4% X 5 ml SOLUCION OFTALMICA ,0,"9,300",,,,
CURAS HANSAPLST TRANSPIEL,0,200,,,,
CURAS LEUKOPLAST TRANSPARENTE,0,100,,,,
CURATOS X 125 ml JARABE (COASPHARMA),0,"13,500",,,,
CYCLOFEM AMPOLLA + JERINGA (PROFAMILIA),0,"19,800",,,,
DAYAMINERAL E X 240 ml JARABE (LAFRANCOL),19,"43,500",,,,
DEFLAZACORT 6 mg TABLETAS (LAFRANCOL),0,,,8.000 (X10),,
DELTAFLUORENE BETAMETASONA 0.75 mg COMPRIMIDOS (SANOFI),0,,18.900 (X10),37.500 (X20),,
DEOPIES XTREM NARANJA X 260 ml SPRAY ,19,"13,500",,,,
DEPOTRIM 3 ml AMPOLLAS,0,,,18.900 (X1),,
DERMASKIN X 20 gr CREMA (COASPHARMA),0,"7,800",,,,
DERMASKIN X 40 gr CREMA (COASPHARMA),0,"14,500",,,,
DERMOSUPRIL CREMA 0.05% X 15 gr (SCANDINAVIA),0,"19,800",,,,
DERMOSUPRIL CREMA 0.1% X 15 gr (SCANDINAVIA),0,"20,500",,,,
DESCONGEL GRIPA CBG CAPSULAS (CHALVER),0,"1,400",,,X100,
DESITIN X 28 gr UNGÜENTO (JOHNSON & JOHNSON),0,,,,,
DESLORATADINA 0.05% X 60 ml JARABE (LAPROFF),0,"6,800",,,,
DESLORATADINA 5 mg TABLETAS (LAPROFF),0,,,5.500 (X10),,
DESLORATADINA 50 mg X 60 ml JARABE (LAPROFF),0,"6,800",,,,
DESODORANTE ARDEN FOR MEN ORIGINAL X 12 gr,19,800,,,X18,
DESODORANTE BALANCE CLINICAL CARE MINI WOMEN CREMA X 32 gr (HENKEL),19,,,,,
DESODORANTE BALANCE CLINICAL FOR MEN PROTECT SOBRES,19,800,,,,
DESODORANTE LADY SPEED STICK CLINICAL POWDER X 9 gr SOBRES ,19,800,,,,
DESODORANTE NIVEA ACLARADO NATURAL CLASSIC TOUCH ROLL ON X 50 ml ,19,,,,,
DESODORANTE NIVEA ACLARADO NATURAL X 150 ml AEROSOL,19,,,,,
DESODORANTE NIVEA MEN DEEP X 150 ml SPRAY,19,,,,,
DESODORANTE REXONA CLINICAL CLASSIC WOMAN ROSADO BARRA X 48 gr,19,"18,500",,,,
DESODORANTE REXONA CLINICAL CLEAN MEN AZUL SACHETS,19,800,,,,
DESODORANTE REXONA CLINICAL CLEAN MEN AZUL X 48 gr,19,,,,,
DESODORANTE REXONA CLINICAL MUJER SOBRES (UNILEVER),19,800,,,X18,
DESODORANTE SPEED STICK CLINICAL DRY X 9 gr SOBRES,19,800,,,,
DESONIDA 0.05% X 15 gr CREMA TOPICA (RECIPE),0,"10,800",,,,
DESONIDA 0.1% X 15 gr CREMA TOPICA (RECIPE),0,"11,500",,,,
DEXALYL DEXAMETASONA 0.75 mg TABLETAS (BETHEL),0,"1,500",14.800 (X10),,X30,
DEXAMETASONA 8 mg AMPOLLAS (FARMIONI),0,"1,900",,,X100,
DICLOFENACO 1% X 50 gr GEL (COASPHARMA),0,"6,500",,,,
DICLOFENACO 1% X 50 gr GEL (VITALIS),0,"6,500",,,,
DICLOFENACO 100 mg/ HIDROXIDO DE ALUMINIO 200 mg CAPSULAS BLANDAS (COLMED),0,800,,7.900 (X10),,
DICLOFENACO 50 mg  GRAGEAS (ECAR),0,150,1.000 (X10),,X250,
DICLOFENACO 50 mg  TABLETAS (LAPROFF),0,150,1.000 (X10),,X400,
DICLOFENACO 75 mg X 10 AMPOLLAS (GENFAR),0,"1,300",,,X10,
DICLOFENACO 75 mg X 10 AMPOLLAS (VITALIS),0,"1,000",,,X10,
DICLOFENACO 75 mg/3ml AMPOLLAS (FARMIONI),0,"1,000",,,X100 ^ X10,
DICLOFENACO RETARD 100 mg CAPSULAS (AMERICAN GENERICS),0,450,4.200 (X10),8.200 (X20),,
DICLOFENACO RETARD 100 mg CAPSULAS (LAFRANCOL),0,450,4.200 (X10),8.200 (X20),,
DICLOFENACO RETARD 100 mg CAPSULAS (TECNOQUIMICAS),0,600,3.000 (X5),10.500 (X20),,
DICLOXACILINA 500 mg CAPSULAS (LAFRANCOL),0,500,4.800 (X10),,X50,
DIFENHIDRAMINA 12.5 mg/5 ml X 120 ml JARABE (LAPROFF),0,"3,500",,,,
DIFENHIDRAMINA 50 mg CAPSULAS (OPHALAC),0,450,4.300 (X10),,X250 ^ X50,
DIFENHIDRAMINA 50 mg CAPSULAS (ANGLOPHARMA),0,450,4300 (X10),,X250 ^ X50,
DIGESTA 66.6 mg/ml X 20 ml GOTAS,0,"13,900",,,,
DIGESTA ANTIGAS 250 mg CAPSULAS (PROCAPS),0,"1,200",11.800 (X10),,X20,
DIHIDROCODEINA X 120 ml JARABE (HUMAX),0,"5,800",,,,
DIMENHIDRINATO X 72 TABLETAS (LABINCO),0,450,,,,
DIMENOL 50 mg TABLETAS (LABINCO),0,450,,,,
DIPIRONA 500 mg TABLETAS (ECAR),0,300,2.700 (X10),,X50,
DIPIRONA 500 mg TABLETAS (EXPOFARMA),0,300,2.700 (X10),,X50 ^ X100,
DIPIRONA 500 mg X 10 ml GOTAS (EXPOFARMA),0,"9,300",,,,
DIPIRONA 500 mg/ml X 15 ml GOTAS (BLASKOV),0,"9,300",,,,
DIPIRONA SODICA 500 mg TABLETAS (ECAR),0,300,2.700 (X10),,X50,
DISEREC SILDENAFIL 50 mg TABLETAS (AMERICA),0,"4,500",,,,
DITOPAX TABLETAS (BAYER),0,,5.800 (X10),,X50,
DIZPACIL FLUOXETINA 20 mg/5 ml x 70 ml JARABE (BIOQUIFAR),0,"7,500",,,,
DOLCYTEC TABLETAS,0,"1,000",9.800 (X10),,,
DOLEX 500 mg TABLETAS RECUBIERTAS (GLAXOSMITHKLINE),0,700,6.500 (X10),,X200,
DOLEX 7+ X 120 ml SUSPENSION (GLAXOSMITHKLINE),0,"18,300",,,,
DOLEX ACTIV GEL 500 mg CAPSULAS BLANDAS (GLAXOSMITHKLINE),0,"1,200",,,X20,
DOLEX AVANZADO CON OPTIZORB TABLETAS (GLAXOSMITHKLINE),0,"1,000",,,X16,
DOLEX BEBES 1-24 MESES X 60 ml JARABE (GLAXOSMITHKLINE),0,"11,900",,,,
DOLEX FORTE NF TABLETAS (GLAXOSMITHKLINE),0,"1,300",10.400 (X8),,X48,
DOLEX GRIPA 500 mg TABLETAS (GLAXOSMITHKLINE),0,"1,000",,,X100,
DOLEX NIÑOS 2+ X 90 ml JARABE (GLAXOSMITHKLINE),0,"11,900",,,,
DOLEX PEDIATRICO 2+ TABLETAS MASTICABLES (GLAXOSMITHKLINE),0,800,,,X20,
DOLICOX FORTE MAX TRIPLE ACCION TABLETAS,0,"1,000",6.000 (X6),,X48,
DOLOFEN 500 mg CAPSULAS (PROCAPS),0,500,,,X60,
DOLOGEL X 60 gr (PRONABELL),0,,,,,
DOLORAN X 10 gr POMADA (HERIGAR),0,"6,500",,,,
DOLORSIN FEM 400 mg/20 mg CAPSULAS (NOVAMED),0,"1,400",,,,
DOLORSIN FORTE CAPSULAS (NOVAMED),0,"1,200",,,X32,
DOLORSIN CAPSULAS (NOVAMED),0,"1,000",,,X48,
DOMEBORO 2.2 gr SOBRES EN POLVO,0,"1,400",,,,
DORMOLAS X 8 ml GOTAS (LABS LEON),0,"5,500",,,,
DOSFLEM ADULTOS X 120 ml JARABE,0,"6,500",,,,
DOSFLEM NIÑOS X 120 ml JARABE,0,"6,500",,,,
DOXICICLINA 100 mg  CAPSULAS (COASPHARMA),0,,,3.200 (X10),,
DOXICICLINA 100 mg TABLETAS (GENFAR),0,,,4.500 (X10),,
DOXICICLINA 100 mg CAPSULAS (COASPHARMA),0,,3.200 (X10),,X250,
DRAMAMINE 50 mg TABLETAS (JOHNSON),0,600,,,X24,
DRISTAN TRIPLE ACCION NF TABLETAS (GLAXOSMITHKLINE),0,900,,,X100,
DRISTAN TRIPLE ACCION TABLETAS (GLAXOSMITHKLINE),,,,,X48,
DUCHA INTIMA AZUL ORIGINAL X 120ml (IPEF),,"12,500",,,,
DUCHA INTIMA VINAGRE X 120ml (INTIMAZUL),,"12,500",,,,
DUCHA INTIMA X 120ml (INTIMAZUL),,,,,,
DULCOLAX BISACODILO 5 mg GRAGEAS (SANOFI),0,"1,200","11,800","23,000",X20,
DURAFEX MUSCULAR 250 mg CAPSULAS (TECNOQUIMICAS),0,"1,700",,"9,800",X6,
ELECTROLIT  SUERO REHIDRATANTE FRESA KIWI X 625 ml,0,"6,300",,,,
ELECTROLIT  SUERO REHIDRATANTE FRESA X 625 ml,0,"6,300",,,,
ELECTROLIT  SUERO REHIDRATANTE NARANJA MANDARINA X 625 ml,0,"6,300",,,,
ELECTROLIT  SUERO REHIDRATANTE UVA X 625 ml,0,"6,300",,,,
ELECTROLIT FRESA KIWI X 625 ml,0,"6,300",,,,
ELECTROLIT FRESA X 625 ml,0,"6,300",,,,
ELECTROLIT MANDARINA X 625 ml,0,"6,300",,,,
ELECTROLIT MANZANA X 625 ml,0,"6,300",,,,
ELECTROLIT MARACUYA X 625 ml,0,"6,300",,,,
ELECTROLIT UVA X 625 ml,0,"6,300",,,,
EMULSION DE SCOTT CEREZA X 180 ml (GLAXOSMITHKLINE),0,"10,800",,,,
EMULSION DE SCOTT CEREZA X 360 ml (GLAXOSMITHKLINE),0,"17,900",,,,
EMULSION DE SCOTT FRUTAS TROPICALES X 180 ml (GLAXOSMITHKLINE),0,"10,800",,,,
EMULSION DE SCOTT TRADICIONAL X 180 ml (GLAXOSMITHKLINE),0,"10,800",,,,
EMULSION DE SCOTT TRADICIONAL X 360 ml (GLAXOSMITHKLINE),0,"17,900",,,,
ENALAPRIL 20 mg TABLETAS (LAFRANCOL),0,,900 (x10),"2,600",X30,
ENALAPRIL 5 mg TABLETAS (LAFRANCOL),0,,1.200 (x10),"3,200",X30,
ENEMA RECTAL FOSFATO DE SODIO X 133 ml (CORPAUL),0,"10,800",,,,
ENERSAL FRESA SOBRES (ROCIPHAR),0,"1,200",,,X30,
ENERSAL MANDARINA SOBRES (ROCIPHAR),0,"1,200",,,X30,
ENERSAL UVA SOBRES (ROCIPHAR),0,"1,200",,,X30,
ENHEBRADORES YOKY DENT ,19,,,"3,500",X24,
ENJUAGUE BUCAL CLORHEXOL MENTA X 180 ml (FARPAG),19,,,,,
ENJUAGUE BUCAL COLGATE TRIPLE ACCION X 250 ml (COLGATE),19,,,,,
ENJUAGUE BUCAL PERIOGARD SIN ALCOHOL X 250 ml (COLGATE),19,,,,,
ENJUAGUE BUCAL PLAX ICE X 250 ml (COLGATE),19,,,,,
ENJUAGUE BUCAL PLAX ICE X 60 ml (COLGATE),19,,,,,
ENJUAGUE BUCAL PROQUIDENT SIN ALCOHOL DIENTES SENSIBLES X 200 ml,19,,,,,
ENJUAGUE BUCAL PROQUIDENT SIN ALCOHOL ZERO X 200 ml,19,,,,,
ENJUAGUE BUCAL YOKY DENT FLUOR X 1000 ml,19,,,,,
ENJUAGUE BUCAL YOKY DENT FLUOR X 200 ml,19,,,,,
ENJUAGUE BUCAL YOKY DENT FLUOR X 60 ml,19,,,,,
ENJUAGUE BUCAL YOKY DENT KIDS X 200 ml CHICLE,19,,,,,
ENJUAGUE BUCAL YOKY DENT KIDS X 200 ml FRESA,19,,,,,
ENJUAGUE BUCAL YOKY DENT ZERO X 200 ml,19,,,,,
ENJUAGUE BUCAL YOKY DENT ZERO X 60 ml,19,,,,,
ENSOY NIÑOS DEFENSE VAINILLA X 400 gr POLVO (LAFRANCOL),0,,,,,
ENSOY VAINILLA X 400 gr POLVO (LAFRANCOL),0,,,,,
ENSURE ADVANCE CHOCOLATE POTE X 237 ml (ABBOTT),0,"8,800",,,,
ENSURE ADVANCE FRESA POTE X 237 ml (ABBOTT),0,"8,800",,,,
ENSURE ADVANCE VAINILLA POTE X 237 ml (ABBOTT),0,"8,800",,,,
ENSURE ADVANCE VAINILLA X 400 gr POLVO (ABBOTT),0,"48,900",,,,
ENSURE ADVANCE VAINILLA X 850 gr POLVO (ABBOTT),0,"89,900",,,,
ENSURE FRESA X 400 gr POLVO (ABBOTT),0,"46,500",,,,
ENSURE VAINILLA POTE X 237 ml (ABBOTT),0,"8,800",,,,
ENSURE VAINILLA X 400 gr POLVO (ABBOTT),0,"46,500",,,,
ENTEROGERMINA 5 ml AMPOLLAS BEBIBLES ,0,"5,900",,"58,000",X10,
ENTEROLYTE 75 CEREZA X 400 ml SUERO ORAL ,0,"7,500",,,,
ENTEROLYTE 75 COCO X 400 ml SUERO ORAL ,0,"7,500",,,,
ENTEROLYTE 75 MANDARINA X 400 ml SUERO ORAL ,0,"7,500",,,,
ENTEROLYTE 75 UVA X 400 ml SUERO ORAL ,0,"7,500",,,,
ERITROMICINA 250 mg X 60 ml SUSPENSION (GENFAR),0,,,,,
ESMALTE ADMISS X 10 ml (MASGLO),19,,,,,
ESMALTE BRILLO FANTASTIC EFECTO GEL (VOGUE),19,"3,100",,,,
ESMALTE FANTASTIC X 10 ml (VOGUE),19,"3,100",,,,
ESOMEPRAZOL 20 mg TABLETAS (COLMED),0,"1,000",9.000 (X10),"26,000",X30,
ESOMEPRAZOL 20 mg CAPSULAS (PROCAPS),0,"1,000",9.000 (X10),"26,000",X30,
ESOMEPRAZOL 40 mg TABLETAS (COLMED),0,"1,200",,"29,500",X30,
ESOMEPRAZOL 40 mg TABLETAS (AMERICAN GENERICS),0,"1,200",,"13,500",X14,
ESOMEPRAZOL 40 mg TABLETAS (LAFRANCOL),0,"1,000",,"12,500",X14,
ESOMEPRAZOL 40 mg TABLETAS (PROCAPS),0,"1,200",,"29,500",X30,
ESPARADRAPO TELA 1 X 1 YARDA (LEUKOPLAST),0,"3,900",,,,
ESPARADRAPO TELA 1/2 X 1 YARDA (LEUKOPLAST),0,"2,900",,,,
ESPASMOBIL SOBRES (CHINOIN),0,"1,700",,,X40,
ESPASMYDOL TABLETAS (LABQUIFAR),0,"1,200",11.800 (X10),"23,000",X20,
ESPIRONOLACTONA 100 mg TABLETAS (HUMAX),0,,,"9,800",X20,
ESPIRONOLACTONA 25 mg TABLETAS (LAPROFF),0,,2.200 (X10),"4,400",X20 ^x 300,
ETORICOXIB 120 mg TABLETAS (MEMPHIS),0,,,"15,900",X7,
EUTIROX 50 mcg TABLETAS,0,,,"48,500",X50,
EUTIROX 75 mcg TABLETAS,0,,,"59,000",X50,
EVINET 0.75 mg TABLETAS (COLMED),0,,,"8,000",X2,
EXPECTOl FLEM X 120 ml (MEMPHIS),0,"11,900",,,,
EXPOCLONE ZOPICLONA 7.5 mg TABLETAS (EXPOFARMA),0,700,6.500 (X10),"19,500",X30,
EXTRACTOR DE LECHE MATERNA DE VIDRIO (RICHARD),19,"14,900",,,,
EYE-ZUL 1% X 7ml GOTAS OFTALMICAS (PROCAPS),0,"6,900",,,,
FACETIX MINI TABLETAS,0,,,"11,000",X28,
FACETIX SUAVE TABLETAS,0,,,"11,000",X28,
FACETIX GRAGEAS,0,,,"11,000",X21,
FEM DUO OVULOS (COLMED),0,"2,500",,"24,000",X10,
FEMELIN AMPOLLAS,0,,,,,
FEMENIDS COLAGENO HIDROLIZADO CON BIOTINA VAINILLA X 400 gr,0,,,,,
FENITOINA 100 mg TABLETAS (FENNYN QUIRUPOS),0,,,"9,800",X30,
FEXOFENADINA 120 mg TABLETAS (COLMED),0,,,"28,500",X10,
FEXOFENADINA 30 mg/5 ml X 150 ml SUSPENSION,0,,,,,
FIXAMICIN X 15 ml GOTAS OTICAS (TECNOQUIMICAS),0,,,,,
FLEX ARTRIT 500 mg CAPSULAS (NATURAL FRESHLY),0,,,,X30,
FLUCONAZOL 200 mg CAPSULAS (LAPROFF),0,800,3.200 (X4),,X300,
FLUCONAZOL 200 mg CAPSULAS (EXPOFARMA),0,800,,"7,800",X10,
FLUIMUCIL 2% X 120 ml JARABE,0,"19,800",,,,
FLUIMUCIL 200 mg SOBRES (ZAMBON),0,"1,700",,,X30,
FLUIMUCIL 600 mg GRANULADO SOBRES (ZAMBON),0,"2,800",,,,
FLUIMUCIL GRIPA CAPSULAS,0,700,6.800 (X10),,X100,
FLUMIEL ADULTOS X 120 ml JARABE (CRONOMED),0,,,,,
FLUMIEL PEDIATRICO X 120 ml JARABE (CRONOMED),0,,,,,
FLUMIXOL 200 mg SOBRES,0,900,,,X30,
FLUMIXOL 200 mg/5 ml FRAMBUESA X 60 ml JARABE (NOVAMED),0,"14,900",,,,
FLUMIXOL 600 mg X 2 gr NARANJA SOBRES (NOVAMED),0,"2,500",,,X30,
FLUMIXOL X 60 ml JARABE (NOVAMED),0,"14,900",,,,
FLUNARIZINA 10 mg TABLETAS (COASPHARMA),0,,1.600 (X10),"3,200",X20,
FLUNARIZINA 10 mg TABLETAS (MEMPHIS),0,,1.700 (X10),"3,200",X20,
FLUOFTAL 0.1% X 5 ml (BLASKOV),0,,,,,
FLUOROMETOLONA 0.1% X 5 ml SOLUCION OFTALMICA (BLASKOV),0,"17,900",,,,
FLUOXETINA 20 mg CAPSULAS (LAFRANCOL),0,,2.000 (X10),"5,800",X30,
FORMOL X 20 ml (PROMARQUIM),19,"1,500",,,,
FORMOL X 500 ml (PROMARQUIM),19,"3,700",,,,
FOSDODEL CON BOROJO TABLETAS (PADEL),,,,,X30,
FOSFOGEN SUPLEMENTO MULTIVITAMINICO TABLETAS (SEVERIANO),,,,,X20,
FOSFOGEN SUPLEMENTO MULTIVITAMINICO TABLETAS (VITAFAR),,,,,,
FRASCO RECOLECTOR CITOQUIMICO DE ORINA  (CEPILAB),0,500,,,X100,
FRASCO RECOLECTOR COPROLOGICO (CEPILAB),0,500,,,,
FREEGEN 0.5% GOTAS (OPHTHA),0,"48,900",,,1+1,
FULEREC 50 mg TABLETAS,0,"2,000",,"8,000",X4,
FURACIN NITROFURAZONA X 40 gr POMADA (SANOFI),0,"34,000",,,,
FUROSEMIDA 40 mg  TABLETAS (LAPROFF),0,,800 (X10),,X300,
GALAC HIDROXIDO DE ALUMINIO + SIMETICONA X 360 ml ,0,"7,300",,,,
GASA 1/2 X 5 YARDAS (MEDICAL SUPPLIES),0,"2,900",,,,
GASA 1/2 X 5 YARDAS (PROVIGASA),0,"2,900",,,,
GASA ESTERIL 7.5 X 7.5 SOBRES (ZIBOJECT),0,700,,,X25,
GASA ESTERIL NO TEJIDA 3x3x5 SOBRES (ALFA TRADING),0,,,,X50,
GASTROFULL MAX X 350 ml SUSPENSION,0,,,,,
GASTROFULL X 150 ml SUSPENSION (COASPHARMA),0,,,,,
GASTRUM 10 mg TABLETAS (LAFRANCOL),0,"1,200",13.800 (X12),,X48,
GAVISCON DOBLE ACCION SACHETS X 10 ml SUSPENSION (RECKITT BENCKISER),0,"2,500",,,,
GAVISCON SACHETS X 10 ml SUSPENSION (RECKITT BENCKISER),0,"1,900",,,,
GEL INDIAS X 250 gr (FUNAT),,,,,,
GELPIN SILDENAFIL 10 mg CAPSULAS (EUROFARMA),0,"1,700",,"3,300",X2,
GEMFIBROZILO 600 mg TABLETAS (LAPROFF),0,,3.400 (X10),,X300,
GENFARGRIP GRIP TOTAL NOCHE SOBRES (GENFAR),0,"2,000",,,X24,
GENFARGRIP GRIP TOTAL TABLETAS (GENFAR),0,900,,,X100,
GENOPRAZOL 20 mg CAPSULAS (GENOMMA),0,,,"18,300",X14,
GENTAMICINA 0.3% X 5ml SOLUCION OFTALMICA GOTAS (FARMASER),,,,,,
GENTAMICINA 0.3% X 6 ml GOTAS (PROCAPS COLMED),,,,,,
GENTAMICINA 160 mg X 1 AMPOLLAS (GENFAR),,,,,,
GENTAMICINA 3% X 6 ml GOTAS (PROCAPS COLMED),,,,,,
GENTAMICINA 80 mg X 6 AMPOLLAS (GENFAR),,,,,,
GENTAMICINA UNGÜENTO (OFT BASS),,,,,,
GINKGO BILOBA 40 mg CAPSULAS (COLMED),,,,,X20,
GLIBENCLAMIDA 5 mg TABLETAS (COASPHARMA),,,,,X30,
GLICERINA CARBONATADA X 20 ml (PROMARQUIM),,,,,,
GLICERINA CARBONATADA X 20 ml (YOMA),,,,,,
GLICERINA USP X 20 ml (PROMARQUIM),,,,,,
GLICERINA USP X 25 ml ,,,,,,
GLUCERNA FRESA 8 ONZAS POTE X 237 ml (ABBOTT),0,,,,,
GLUCERNA SR VAINILLA X 400 gr (ABBOTT),0,,,,,
GLUCERNA VAINILLA 8 ONZAS POTE X 237 ml (ABBOTT),0,,,,,
GLUCERNA VAINILLA X 400 gr POLVO (ABBOTT),0,,,,,
GLUCERNA VAINILLA X 900 gr POLVO (ABBOTT),0,,,,,
GORRO DESECHABLE ORUGA AZUL (MEDICAL SUPPLIES),,,,,,
GOTERO DE VIDRIO ALFASAFE (ALFA TRADING),,,,,X20,
GOTERO DOSIFICADOR PLASTICO 1.5 ml (YOMA),,,,,,
GRIPOFEN + CAFEINA TABLETAS (SERES),0,,,,X100,
GRIPOFEN GRIPA NIÑOS X 60 ml JARABE (SERES),0,,,,,
GRIPOFEN NIÑOS X 60 ml JARABE,0,,,,,
GRIPOFEN PLUS CAPSULAS (SERES),0,,,,X100,
GRIPOFEN TOS MIEL X 120 ml JARABE ,0,,,,,
GUANTE DE EXAMEN TALLA M (NIPRO),0,,,,,
GUANTE DE VINILO TALLA M (PROLATEX),0,,,,,
GUANTE DOMESTICO KRAY TEC AFELPADO (GIGA),0,,,,,
GUANTE EXAMTEX TALLA M (PROTEX),0,,,,,
GUAYACOLATO DE GLIERILO GUAYAPROFF 2 gr X 120 ml JARABE (LAPROFF),0,,,,,
GUAYACOLATO GUAYAPROFF 300 mg/15ml X 120 ml JARABE (LAPROFF),0,,,,,
GUAYAPROFF X 120 ml JARABE (LAPROFF),,,,,,
GYNOCANESTEN 2% X 20gr CREMA VAGINAL (BAYER),,,,,,
GYNOFIL CLOTRIMAZOL 2% X 20 gr CREMA VAGINAL (COASPHARMA),,,,,,
HANSAPLAST PARCHE PARA CALLOS APOSITOS (BEIERSDORF),,,,,X6,
HEDERA HELIX X 120 ml JARABE (IMPOFAR),0,,,,,
HEDERA HELIX X 120 ml JARABE (IMPOTHOS),0,,,,,
HEMOCYTON ELIXIR X 340 ml (TECNOQUIMICAS),,,,,,
HEMOVIRON X 360 ml JARABE (AMERICA),,,,,,
HEPANAT SILIMARINA CAPSULAS (FUNAT),,,,,X30,
HIDRADEL FRESA X 500 ml,,,,,,
HIDRADEL UVA X 500 ml,,,,,,
HIDROCLOROTIAZIDA 25 mg TABLETAS (GENFAR),0,,,,,
HIDROCLOROTIAZIDA 25 mg TABLETAS (LAPROFF),0,,,,X400,
HIDROCODEINA X 120 ml (HUMAX),,,,,,
HIDROCORTISONA 1% X 15 gr CREMA (LA FRANCOL),,,,,,
HIDROQUINONA 4% X 15 gr CREMA (AMERICA),,,,,,
HIDROXICINA 25 mg TABLETAS (GENFAR),0,,,,X20,
HIDROXIDO DE ALUMINIO + MAG + SIMET X 150 ml SOLUCION (AMERICA),0,,,,,
HIDROXIDO DE ALUMINIO + MAG + SIMET X 360 ml SOLUCION (AMERICA),0,,,,,
HIDROXIDO DE ALUMINIO + SIMETICONA GASTROLIFE X 360 ml SUSPENSION,0,,,,,
HIDROXIDO DE ALUMINIO X 360 ml SOLUCION (COASPHARMA),0,,,,,
HIELO MINERAL  X 120 ml LOCION (ATHOS),19,,,,,
HIELO MINERAL X 100 gr GEL (ATHOS),19,,,,,
HILO DENTAL X 128 metros (SUNSTAR),,,,,,
HIOSCINA N-Bb + BUPROF FIN-ESPAM FEM TABLETAS (LEBRIUT),0,,,,X10,
HIOSCINA N-BUTIL BROMURO 10 mg TABLETAS (LAPROFF),0,,,,X400,
HOJA DORCO ,19,,,,,
IBUFLAHS MIGRAM CAPSULAS (TECNOQUIMICAS),,,,,X30,
IBUFLAHS ULTRA FORTE CAPSULAS (TECNOQUIMICAS),,,,,X18,
IBUPROFENO 2% X 120 ml SUSPENSION (MEMPHIS),0,,,,,
IBUPROFENO 400 mg TABLETAS (GENFAR),0,,,,X100,
IBUPROFENO 800 mg TABLETAS (GENFAR),0,,,,X50,
IBUPROFENO SUPRIFENO 2 gr X 60 ml SUSPENSION (LAPROFF),0,,,,,
IBUPROFENO X 60 ml SUSPENSION (LAPROFF),0,,,,,
IBUPROFENO/METOCARBAMOL 200/500 mg TABLETAS (MEMPHIS),0,,,,,
IMIPRAMINA 25 mg TABLETAS (HUMAX),0,,,,X50,
IMPOTHOS HEDERA HELIX X 120 ml (IMPOFAR),0,,,,,
INHALOCAMARA ADULTO (RESPIRANDO MEJOR),,,,,,
INHALOCAMARA FLEXIBLE ADULTOS ,,,,,,
INHALOCAMARA PEDIATRICA (RESPIRANDO MEJOR),,,,,,
INTIBON JABON INTIMO FRESCURA NATURAL X 14 gr SACHETS,,,,,X12,
INTIBON JABON INTIMO FRESCURA NATURAL X 210 gr,,,,,,
INTIBON JABON INTIMO MUJER CALENDULA X 14 gr SACHETS,,,,,X12,
INTIBON JABON INTIMO NIÑA CALENDULA X 210 gr,,,,,,
IOFI AC FOLICO + AC ASCORBI + FUMARATO FERROSO TABLETAS (LAPROFF),,,,,X30,
IRIS 17 AZUL OSCURO 9 gr (NABONASAR),19,,,,,
IRIS POLVO GRIS (NABONASAR),19,,,,,
IRIS POLVO NEGRO (NABONASAR),19,,,,,
IRIS POLVO ROJO (NABONASAR),19,,,,,
IRIS RAPE 25 X 9 gr,19,,,,,
ISODINE OVULOS (BUSSIE),,,,,X24,
ISODINE X 60 ml SOLUCION (BUSSIE),,,,,,
IVERMECTINA SIMPIOX X 5 ml GOTAS (GERCO),,,,,,
JABON ALERGIBON AVENA X 90 gr (SCANDINAVIA),0,,,,,
JABON ALERGIBON LECHE X 90 gr (SCANDINAVIA),0,,,,,
JABON ANTIGNE ACEITE DE ARBOL DE TE X 90 gr (FRESHLY),0,,,,,
JABON COMAC N X 100 gr (BELLEZA EXPRESS),0,,,,,
JABON CREMOSO EXFOLIANTE COCO X 500 ml (NATURAL SANT),0,,,,,
JABON DE AZUFRE PILI X 100 gr (ALMIPRO),0,,,,,
JABON DE AZUFRE X 100 gr (GERCO),0,,,,,
JABON DE AZUFRE X 110 gr (YOMA),0,,,,,
JABON DE BICARBONATO DE SODIO X 90 gr (NATURAL FRESHLY),0,,,,,
JABON DOVE BABY HUMECTACION ENRIQUECIDA X 75 gr (UNILEVER),0,,,,,
JABON DOVE BLANCO X 90 gr (UNILEVER),0,,,,,
JABON DOVE CON KARITE X 90 gr (UNILEVER),0,,,,,
JABON DOVE CUIDA Y PROTEJE X 90 gr (UNILEVER),0,,,,,
JABON DOVE EXFOLIANTE X 90 gr (UNILEVER),0,,,,,
JABON INTIMO INTIBON FRESCURA NATURAL  X 120 gr (LAFRANCOL),0,,,,,
JABON INTIMO INTIBON FRESCURA NATURAL  X 210 gr (LAFRANCOL),0,,,,,
JABON INTIMO INTIBON MUJER CALENDULA  X 120 gr (LAFRANCOL),0,,,,,
JABON INTIMO INTIBON MUJER CALENDULA  X 210 gr (LAFRANCOL),0,,,,,
JABON INTIMO INTIBON MUJER SALVIA Y CALENDULA  X 120 gr (LAFRANCOL),0,,,,,
JABON INTIMO INTIBON MUJER SALVIA Y CALENDULA  X 210 gr (LAFRANCOL),0,,,,,
JABON INTIMO INTIBON MUJER VINAGRE MANZANA Y CALENDULA  X 120 gr (LAFRANCOL),0,,,,,
JABON INTIMO INTIBON MUJER VINAGRE MANZANA Y CALENDULA  X 210 gr (LAFRANCOL),0,,,,,
JABON INTIMO NOSOTRAS HERBAL X 200 ml (FAMILIA),0,,,,,
JABON INTIMO NOSOTRAS SENSITIVE X 130 ml (FAMILIA),0,,,,,
JABON INTIMO NOSOTRAS SENSITIVE X 50 ml (FAMILIA),0,,,,,
JABON JOHNSON ADULTO AVENA Y ALMENDRAS X 110 gr (JOHNSON),0,,,,X3,
JABON JOHNSON ADULTO ORIGINAL X 110 gr (JOHNSON),0,,,,X3,
JABON JOHNSON BABY ANTES DE DORMIR X 110 gr (JOHNSON),0,,,,X3,
JABON JOHNSON BABY HUMECTANTE X 110 gr (JOHNSON),0,,,,X3,
JABON JOHNSON BABY ORIGINAL X 110 gr ,0,,,,,
JABON NEKO AVENA X 125 gr(JOHNSON),0,,,,,
JABON PALMOLIVE X 120 gr,0,,,,,
JABON PROTEX AVENA X 120 gr,0,,,,,
JABON PROTEX VITAMINA E,0,,,,,
"JENGIBORZ JENGIBRE, POLEN Y MARAÑON X 20 ml SACHETS ",,,,,X20,
JERINGA X 10 ml AGUJA X 1 1/2 ,0,,,,,
JERINGA X 10 ml DE 3 PARTES  (SEVENPHARMA),0,,,,X100,
JERINGA X 20 ml DE 3 PARTES  (SEVENPHARMA),0,,,,X50,
JERINGA X 20 ml (ALFA TRADING),0,,,,X50,
JERINGA X 3 ml AGUJA X 1 1/2 (DISPOCOL),0,,,,,
JERINGA X 3 ml AGUJA X 1 1/2 (RYMCO),0,,,,,
JERINGA X 5 ml AGUJA X 1 1/2 ,0,,,,,
JERINGA X 5 ml DE 3 PARTES (SEVENPHARMA),0,,,,X100,
K-TRIX ENJUAGUE BUCAL X 180 ml ,0,,,,,
KAOXITURA X 120 ml SUSPENSION (GERCO),0,,,,,
KENACORT A 10 mg/5 ml AMPOLLA (MERCK),,,,,X1,
KERASOLUTION KIT F X50 ml SOLUCION,,,,,,
KETOCONAZOL 2% X 30 gr CREMA (ANGLOPHARMA),0,,,,,
KETOCONAZOL 200 mg TABLETAS (COASPHARMA),0,,,,,
KETOCONAZOL 200 mg TABLETAS (RECIPE),0,,,,X10,
KETOPROFENO 2.5% X 60 gr GEL (GENFAR),,,,,,
KETOPROFENO X 60 gr GEL (GENFAR),,,,,,
KETOROLACO 30 mg AMPOLLAS (GENFAR),,,,,X5,
KETOTIFENO 1 mg TABLETAS (BUSSIE RECIPE),0,,,,X30,
KETOTIFENO 1 mg/5 ml X 100 ml JARABE (LAPROFF),0,,,,,
KETOTIFENO 20 mg X 100 ml JARABE (LAPROFF),0,,,,,
KETOTIFENO X 100 ml JARABE (LAPROFF),0,,,,,
KY GEL LUBRICANTE INTIMO X 15 gr (RECKITT),,,,,,
KY GEL LUBRICANTE INTIMO X 50 gr (RECKITT),,,,,,
LACTENE X 60 gr CREMA (CERO),,,,,,
LADIET ASPARTAME DISPENSADOR TABLETAS (AMERICA),5,,,,X150,
LADIET DISPENSADOR TABLETAS (AMERICA),5,,,,X150,
LADIET TABLETAS (AMERICA),5,,,,X500,
LAGRIGEN X 10 ml SOLUCION OFTALMICA (PROCAPS),,,,,,
LAGRIKOV 0.5 % LAGRIMAS ARTIFICIALES X 15 ml GOTAS (BLASKOV),0,,,,,
LAGRIKOV LAGRIMAS ARTIFICIALES X 15 ml GOTAS (BLASKOV),0,,,,,
LAGRIMAS ARTIFICIALES SYVITEARS X 15 ml (VITAFAR),,,,,,
LAGRIMAS ARTIFICIALES X 15 ml (VITALIS),,,,,,
LANOCREMA CREMA PROTECTORA X 25 gr (ATHOS),19,,,,,
LANOCREMA CREMA PROTECTORA X 60 gr (ATHOS),19,,,,,
LANSOPRAZOL 30 mg CAPSULAS RETARD ,0,,,,X14,
LANSOPRAZOL 30 mg CAPSULAS (MK),0,,,,X7,
LANSOPRAZOL LR 30 mg CAPSULAS (GENFAR),0,,,,X14,
LASONIL ACTIVE X 30 gr GEL TOPICO,,,,,,
LASS ADULTO 239 gr SUPOSITORIOS (BUSSIE),0,,,,X50,
LECHE DE MAGNESIA X 120 ml SUSPENSION (COASPHARMA),0,,,,,
LECHE DE MAGNESIA X 120 ml SUSPENSION (TECNOQUIMICAS),0,,,,,
LEVOTIROXINA 100 mcg TABLETAS (PROCAPS),,,,,X100,
LEVOTIROXINA 50 mg COMPRIMIDOS (PROCAPS-COLMED),,,,,X100,
LEVOTIROXINA 75 mcg TABLETAS (MK),,,,,X50,
LIBELLE TABLETAS (NOVAMED),,,,,,
LIDOCAINA CLORHIDRATO 2% TUBO X 20 gr (PROCLIN),0,,,,,
LIDOPROCTO 5% X 10 gr UNGÜENTO (ROPSOHN),,,,,,
LIDOPROCTO X 10 gr UNGÜENTO (ROPSOHN),,,,,,
LIMA LAVABLE (MASGLO),,,,,X10,
LIMPIADERM CREMA X 20 gr CREMA (LGPHAR),0,,,,,
LINCOMICINA 600 mg  (GENFAR),,,,,X10,
LINCOMICINA 600 mg x 2 ml SOLUCION INYECTABLE,,,,,,
LINDAZOL CLOTRIMAZOL 200 mg + CLINDAMICINA 100 mg ,,,,,,
LIRODERM CROTAMITON 10 % X 60 ml LOCION (LABQUIFAR),0,,,,,
LISTERINE ANTICARIES ZERO ALCOHOL X 180 ml,19,,,,,
LISTERINE COOLMINT  X 180 ml,19,,,,,
LISTERINE COOLMINT ZERO X 180 ml,19,,,,,
LISTERINE COOLMINT ZERO X 500 ml (JOHNSON),19,,,,,
LLAMA DIENTE FRUTA (GRAN ANDINA),,,,,,
LLAMA DIENTE LLAVES (GRAN ANDINA),,,,,,
LOCION REFRESCANTE ZAHYE X 120 ml (PEÑA),,,,,,
LOCION REFRESCANTE ZAHYE X 600 ml (PEÑA),,,,,,
LOMECAN CLOTRIMAZOL 2% CON 3 ALICADORES X 20 gr CREMA VAGINAL (GENOMMA),0,,,,,
LOMECAN CLOTRIMAZOL 2% X 20 gr CREMA VAGINAL (GENOMMA),0,,,,,
LOMOTIL 2.5 mg/0.025 mg TABLETAS (GRUNENTHAL),0,,,,,
LOMOTIL SOBRES (PFIZER),0,,,,X12,
LOPERAMIDA 2 mg STOMALIX TABLETAS (AMERICA),0,,,,X6,
LOPERAMIDA 2 mg TABLETAS (ECAR),0,,,,X240,
LOPERAMIDA 2 mg TABLETAS (LAPROFF),0,,,,X240,
LORATADINA 10 mg TABLETAS (LAPROFF),0,,,,X400,
LORATADINA 5 mg X 100 ml JARABE (LAPROFF),0,,,,,
LORATADINA O.1 gr X 100 ml JARABE (LAPROFF),0,,,,,
LOSARTAN 50 mg + HCT 12.5 mg TABLETAS (ECAR),0,,,,X30,
LOSARTAN 50 mg TABLETAS (EXPOFARMA),0,,,,X30,
LOSARTAN 50 mg TABLETAS (LA SANTE),0,,,,X30,
LOVASTATINA 20 mg TABLETAS (LAPROFF),0,,,,X300,
LUBRIDERM CREMA EXTRA HUMECTANTE X 120 ml (JOHNSON),19,,,,,
LUBRIDERM CREMA EXTRA HUMECTANTE X 200 ml (JOHNSON),19,,,,,
LUBRIDERM CREMA EXTRA HUMECTANTE X 400 ml (JOHNSON),19,,,,,
LUBRIDERM CREMA PIEL SENSIBLE X 120 ml (JOHNSON),19,,,,,
LUBRIDERM CREMA UV 15 X 120 ml (JOHNSON),19,,,,,
LUBRIDERM CREMA UV 15 X 200 ml (JOHNSON),19,,,,,
LUMBAL FORTE (LAFRANCOL),,,,,X36,
LUMBAL TABLETAS (LAFRANCOL),,,,,X24 ^ X48,
LUZ-ZUL X 7ml SOLUCION OFTALMICA (LUZ ZUL),,,,,,
MAGNESIA SUSPENSION ORAL X 120 ml,,,,,,
MANTECA DE CACAO FRAMBUESA LABIAL X 5 gr (PROMARQUM),19,,,,,
MANTECA DE CACAO LABIAL (YOMA),19,,,,,
MANTECA DE CACAO TRADICIONAL LABIAL X 5 gr (PROMARQUM),19,,,,,
MANTECA DE CACAO UVA LABIAL X 5 gr (PROMARQUM),19,,,,,
MANTECA DE CACAO X 12 gr (PROMARQUIM),19,,,,X12,
MANTECA DE CACAO X 5 gr FRESA LABIAL (YOMA),19,,,,,
MANTECA DE CACAO X 5 gr MENTA LABIAL (YOMA),19,,,,,
MANTECA DE CACAO X 5 gr UVA LABIAL (YOMA),19,,,,,
MANTECA DE CACAO X 5 gr VAINILLA LABIAL (YOMA),19,,,,,
MANZANILLA X 15 ml GOTAS (SOPHIA),,,,,,
MAQUINA PRESTO BARBA 3,,,,,,
MARE OFF 50 mg TABLETAS ,0,,,,X72,
MAREOL TABLETAS (GLAXOSMITHKLINE),,,,,X72,
MAREOL TABLETAS (PFIZER),,,,,,
MASCARILLA PROTECTORA KN95,0,,,,,
MATACALLO VENCEDOR (ANGLOPHARMA),,,,,,
MATACALLO VENCEDOR X 4 gr UNGUENTO (ANGLOPHARMA),,,,,,
MEBUCAINA FORTE TABLETAS (GLAXOSMITHKLINE),,,,,X10,
MEGACAL D TABLETAS (GC FARMA),19,,,,,
MELOXICAM 15 mg TABLETAS (IMPOMEL-X),0,,,,,
MELOXICAM 15 mg/1.5 ml (VITALIS),0,,,,X10,
MELOXICAM 15 mg/1.5 ml AMPOLLAS (GENFAR),0,,,,X3,
MELOXICAM 7.5 mg TABLETAS,0,,,,X10,
MELOXICAM IMPOMEL - X 15 mg (IMPOFAR),0,,,,X10,
MELOXICAM MEXICAN 7.5 mg TABLETAS (BIOQUIFAR),0,,,,X30,
MENTICOL AMARILLO X 130 ml LOCION (BELLEZA EXPRESS),0,,,,,
MENTICOL AMARILLO X 60 ml LOCION (BELLEZA EXPRESS),0,,,,,
MENTICOL CON CANNABIS X 30 gr GEL (BELLEZA EXPRESS),0,,,,,
MENTOL ZAHYE SPORT  X 240 gr GEL (PEÑA),,,,,,
MENTOL ZAHYE X 12 gr LATA (PEÑA),,,,,,
MENTOL ZAHYE X 5 gr LATA (PEÑA),,,,,,
MENTOLIN X 5 gr UNGÜENTO ,,,,,,
MESALAZINA 500 mg TABLETAS,,,,,,
MESIGYNA 1 ml AMPOLLA INYECTABLE,0,,,,,
METAMUCIL STOF 5.8 gr SACHETS (PROCTER),,,,,X10,
METATITANE X 20 gr CREMA (LAB REMO),0,,,,,
METATITANE X 40 gr POMADA (LAB REMO),0,,,,,
METFORMINA 850 mg TABLETAS (LAPROFF),,,,,X300,
METOCARBAMOL 750 mg TABLETAS (LAPROFF),,,,,,
METOCARBAMOL 750 mg TABLETAS (MIOFLEX),,,,,X100,
METOCLOPRAMIDA 10 mg TABLETAS (AMORFAR),0,,,,X30,
METOCLOPRAMIDA 10 mg TABLETAS (COASPHARMA),0,,,,X30,
METOCLOPRAMIDA X 30 ml GOTAS (COASPHARMA),0,,,,,
METOPROLOL 50 mg TABLETAS (LAPROFF),0,,,,X300,
METOPROLOL TARTRATO 100 mg TABLETAS (LAPROFF),0,,,,X300,
METOPROLOL TARTRATO 50 mg TABLETAS (LAPROFF),0,,,,X300,
METRONIDAZOL 250mg/5ml X 120 ml SUSPENSION (COASPHARMA),0,,,,,
METRONIDAZOL 500 mg TABLETAS (GENFAR),0,,,,X100,
METRONIDAZOL 500mg OVULOS (PROCAPS-COLMED),0,,,,,
METRONIST OVULOS (PROCAPS COLMED),,,,,X10,
MEXSANA PIES ANTIBACTERIAL X 260 ml SPRAY ,0,,,,,
MICROGYNON SUAVE ,0,,,,,
MICROGYNON TABLETAS ,0,,,,X21,
"MICROPORE 1"" BLANCO (CUREBAND)",,,,,,
"MICROPORE 1"" PIEL (CUREBAND)",,,,,,
"MICROPORE 1/2"" PIEL (CUREBAND)",,,,,,
"MICROPORE 2"" BLANCO (CUREBAND)",,,,,,
"MICROPORE 2"" PIEL (CUREBAND)",,,,,,
MIEL DE ROSAS 25 ml (YOMA),,,,,,
MIELTERTOS KIDS X 350 gr JALEA (NATURAL FRESHLY),0,,,,,
MIELTERTOS NIÑOS X 180 ml JARABE (NATURAL FRESHLY),0,,,,,
MIELTERTOS NOCHE PANELA LIMON SOBRES (NATURAL FRESHLY),0,,,,X24,
MIELTERTOS X 240 ml JARABE (NATURAL FRESHLY),0,,,,,
MIELTERTOS X 350 gr JALEA (NATURAL FRESHLY),0,,,,,
MIELTERTOS  SOBRES (NATURAL FRESHLY),0,,,,,
MIGRADOL TABLETAS ,,,,,X30,
MIGRIÑON 100 mg TABLETAS (GENFAR),0,,,,X100,
MILPAX NF SUSPENSION X 10 ml SOBRES ,,,,,,
MINIPIL SUAVE 0.1 mg - 0.02 mg TABLETAS (LAFRANOL),,,,,,
MINORA 5 HOJAS (PROCTER),,,,,,
MINOXIDIL 2 % X 60 ml LOCION (GENFAR),,,,,,
MINOXIDIL FORTE 5 % X 60 ml LOCION (TECNOQUIMICAS),,,,,,
MONTELUKAST 10 mg TABLETAS,,,,,,
MONTELUKAST 4 mg TABLETAS MASTICABLES,,,,,,
MOVIDOL TABLETAS (LA FRANCOL),,,,,,
MUCOSINA PEDIATRICA X 30 ml GOTAS (GLAXOSMITHKLINE)),,,,,,
MUCOSINA X 120 ml SUSPENSION (GLAXOSMITHKLINE)),,,,,,
MUCOTROP BROMHEXINA PEDIATRICO 4 mg X 120 ml JARABE (ANGLOPHARMA),0,,,,,
MULTISOLUCION PLUS X 60 ml,,,,,,
MULTISOLUTER KIT SOLUCION ACUOSA X 50 ml (OPHARM),19,,,,,
MULTISOLUTER KIT SOLUCION ACUOSA X 50 ml (VITAFAR),19,,,,,
MULTIVITAMINICO HIFORX CAPSULAS (GC FARMA),0,,,,X30,
NAPROXENO 250 mg CAPSULAS (MEMPHIS),0,,,,,
NAPROXENO 250 mg TABLETAS (COASPHARMA),0,,,,X10,
NAPROXENO 250 mg TABLETAS (LAFRANCOL),0,,,,X10,
NAPROXENO 250 mg TABLETAS (LAPROFF),0,,,,X300,
NAPROXENO 500 mg TABLETAS (LAFRANCOL),0,,,,X10,
NAPROXENO 500 mg TABLETAS (LAPROFF),0,,,,X300,
NAPROXENO NAPROX 2.5% X 80 ml SUSPENSION (LABINCO),0,,,,,
NAZIL X 15 ml GOTAS (OFTHIA),0,,,,,
NECROTON AC CAPSULAS (INCOBRA),0,,,,X8,
NELIND NATURAL CON CALENDAULA X 40 gr CREMA,0,,,,,
NELIND X 40 gr CREMA (COASPHARMA),0,,,,,
NEOFUNGINA TALCO X 100 gr (NEO),,,,,,
NEOFUNGINA TALCO X 200 gr (NEO),,,,,,
NEOFUNGINA TALCO X 40 gr (NEO),,,,,,
NEOGYNON GRAGEAS (BAYER),0,,,,,
NEOSALDINA GRAGEAS,0,,,,,
NEOTRISONA X 20 gr (MDG),,,,,,
NERURO 15 SUPLEMENTO MULTIVITAMINICO CAPSULAS (INCOBRA),0,,,,X60,
NEUROBION 1 ml AMPOLLAS (MERCK),0,,,,X3,
NEUROBION TABLETAS (MERCK),0,,,,X30,
NEXT GL GRIPA CAPSULAS (GENOMA),,,,,X48,
NIFLAMIN PL FORTE CAPSULAS (BOEHRINGER),,,,,X5,
NIMESULIDA 100 mg TABLETAS (FARMANAL),0,,,,X10,
NIMODIPINO 30 mg TABLETAS,0,,,,X30,
NISTATINA + OXIDO DE ZINC X 40 gr CREMA (MEMPHIS),,,,,,
NISTATINA X 60 ml JARABE (COASPHARMA),,,,,,
NISTATINA X 60 ml JARABE (LABINCO),,,,,,
NITOXIPAR NITAZOXANIDA 500 mg TABLETAS (LABQUIFAR),,,,,X6,
NITROFURANTOINA 100 mg CAPSULAS (LAPROFF),0,,,,X300,
NIVEA LIP CARE ,,,,,,
NIXODERM X 20 gr UNGÜENTO (INCOBRA),,,,,,
NODOL FORTE TABLETAS (SALUSPHARMA),0,,,,X30,
NOFERTYL AMPOLLA (LAFRANCOL),0,,,,X1,
NORAVER 6 mg CEREZA  TABLETAS (TECNOQUIMICAS),0,,,,X12,
NORAVER FAST TOTAL CAPSULAS,0,,,,X6,
NORAVER GARGANTA CEREZA TABLETAS (TECNOQUIMICAS),0,,,,X12,
NORAVER GARGANTA FAST TOTAL CAPSULAS (TECNOQUIMICAS),0,,,,,
NORAVER GARGANTA MENTA FORTE TABLETAS (TECNOQUIMICAS),0,,,,X12,
NORAVER GARGANTA TABLETAS MASTICABLES,0,,,,,
NORAVER GRIPA BEBIDA NOCHE SOBRES (TECNOQUIMICAS),0,,,,X24,
NORAVER GRIPA FAST TOTAL CAPSULAS (TECNOQUIMICAS),0,,,,X60,
NORAVER GRIPA CAPSULAS (TECNOQUIMICAS),0,,,,X60,
NORAVER P MENTA PASTILLAS (TECNOQUIMICAS),0,,,,X12,
NORAVER P NARANJA MIEL PASTILLAS (TECNOQUIMICAS),0,,,,X12,
NORFLOXACINA 400 mg TABLETAS (GENFAR),,,,,X14,
NORVETAL COMPRIMIDOS (LAFRANCOL),,,,,,
NOVALGINA 500 mg TABLETAS,,,,,X50,
NOXPIRIN CALIENTE NOCHE SOBRES (SIEGFRIED),,,,,X20,
NOXPIRIN DIA SOBRES (SIEGFRIED),,,,,,
NOXPIRIN F CALIENTE NOCHE SOBRES,,,,,,
NOXPIRIN F ULTRA ADULTOS X 120 ml JARABE (SIEGFRIED),,,,,,
NOXPIRIN PLUS CAPSULAS (SIEGFRIED),,,,,X120,
NOXPIRIN SINUS TABLETAS (SIEGFRIED),,,,,,
NUDE AUTOBRONCEADOR X 20 ml SOBRES (PREBEL),,,,,X6,
NULYTELY POLITIENGLICOL CEREZA SOBRES,,,,,X4,
OFTALMOTRIMAX SOLUCION OFTALMICA X 5 ml (INCOBRA),0,,,,,
OFTALMOTRISOL NAFAZOLINA 1mg/1ml X 15 ml GOTAS OFTALMICAS (INCOBRA),,,,,,
OLOPATADINA 0.2% X 2.5 ml SOLUCION OFTALMICA (OLVISION),0,,,,,
OLVISION OLOPATADINA 0.2% X 2.5 ml SOLUCION OFTALMICA,,,,,,
OMEPRAZOL 20 mg  CAPSULAS (RICHMOND),0,,,,,
OMEPRAZOL 20 mg  CAPSULAS DE LIBERACION RETARDADA ,0,,,,,
OMEPRAZOL 20 mg CAPSULAS (GENFAR),0,,,,X10,
OMEPRAZOL 20 mg TABLETAS (LA SANTE),0,,,,X16,
OMEPRAZOL 20 mg CAPSULAS (ANGLOPHARMA),0,,,,X250,
OMEPRAZOL 20 mg CAPSULAS (LA SANTE),0,,,,X30,
OPHARFLEX X 5 ml GOTAS (BELLEZA EXPRESS),0,,,,,
ORBEREC NIMODIPINO 30 mg TABLETAS (BLASKOV),,,,,X30,
ORLISTAT 120 mg CAPSULAS BLANDAS (PROCAPS),,,,,X60,
OROCAL D ,,,,,,
OSMOTEARS ALCOHOL POLIVINILICO 1.4% X 15 ml GOTAS OFTALMICAS (OPHARM),0,,,,,
OSMOTEARS X 15 ml SOLUCION OFTALMICA (OPHARM),0,,,,,
OTICAINA FORTE,0,,,,,
OXIGRIP CAPSULAS,,,,,,
OXIMETAZOLINA 0.025% NASAL X 15 ml (MK) ,0,,,,,
OXIMETAZOLINA 0.025% X 15 ml SUSPENSION NASAL (LAFRANCOL) ,0,,,,,
OXIMETAZOLINA 0.05% NASAL X 15 ml (MK) ,0,,,,,
OXIMETAZOLINA HCL 0.05% ADULTO NASAL X 15 ml (MK) ,0,,,,,
OXIMETAZOLINA PEDIATRICO 0.025% GOTAS  (LA SANTE) ,0,,,,,
PANGETAN NF 2 mg TABLETAS (TECNOQUIMICAS),0,,,,,
PANOTIL BETA X 8 ml GOTAS (ZAMBON),,,,,,
PAÑAL PLENITUD ADULTO PROTECT MEDIA ,,,,,X20,
PAÑAL TENA PANTS CLASICO LARGE (FAMILIA),,,,,X16,
PAÑAL TENA SLIP CLASICO TALLA L (FAMILIA),,,,,,
PAÑAL TENA SLIP CLASICO TALLA M (FAMILIA),,,,,,
PAÑITOS HUMEDOS ORIGINAL  (PEQUEÑIN),0,,,,X24,
PAÑITOS HUMEDOS ,0,,,,X105,
PAÑUELO DE BOLSILLO  (YOKY),,,,,X6,
PAÑUELO FACIAL DE BOLSILLO TRIPLE HOJA (FAMILIA),,,,,X10,
PAÑUELO FACIAL DE BOLSILLO (FAMILIA),,,,,X10,
PARCHE LEON,,,,,,
PARCHE OCULAR ADULTO ELASTICO (PROMEDICAL),,,,,X20,
PARCHE OCULAR BEGUT NIÑOS (SEVENPHARMA),,,,,X20,
PARCHE TERMICO LEON (BEIERSDORF),,,,,,
PARODONTAX CREMA FLUOR X 50 gr (GLAXOSMITHKLINE),19,,,,,
PARODONTAX CREMA FLUOR X 90 gr (GLAXOSMITHKLINE),19,,,,,
PASEDOL 50 mgTABLETAS (ECAR),,,,,X100,
PASTA LASSAR X 100 gr (QUIFARMA),,,,,,
PASTA LASSAR X 60 gr (QUIFARMA),,,,,,
PAX DIA NARANJA SOBRES (SANOFI),0,,,,,
PAX NOCHE LIMON  (SANOFI),0,,,,,
PAX NOCHE PANELA LIMON 6 gr SOBRES  (SANOFI),0,,,,X24,
PEDIALYTE 30  X 500 ml,0,,,,,
PEDIALYTE 30 CON ZINC CEREZA X 500 ml,0,,,,,
PEDIALYTE 30 CON ZINC X 500 ml,0,,,,,
PEDIALYTE CON ZINC 45  X 500 ml,0,,,,,
PEDIALYTE CON ZINC 60  X 500 ml,0,,,,,
PEDIALYTE MAX CON ZINC 60  X 500 ml,0,,,,,
PEDIASOL ZINC 75 CEREZA X 500 ml SOLUCION (QUIBI),,,,,,
PEDIASOL ZINC 75 UVA X 500 ml SOLUCION (QUIBI),,,,,,
PEDIASURE FRESA X 900 gr (ABBOTT),,,,,,
PEDIASURE VAINILLA X 237 ml (ABBOTT),,,,,,
PEDIASURE VAINILLA X 900 gr (ABBOTT),,,,,,
PEDIAVIT X 120 ml JALEA,0,,,,,
PEDIAVIT ZINC X 10 ml GOTAS,0,,,,,
PEGA INFINITA 5 gr CARTON,19,,,,,
PENTASOL 0.05% X 40 gr CREMA (COASPHARMA),0,,,,,
PENTASOL CLOBETASOL 0.05% X 40 gr CREMA (MEDIC BRAND),0,,,,,
PENTASOL X 40 gr CREMA (COASPHARMA),0,,,,,
PENVIOTINA PENICILINA V 500 mg TABLETAS (BIOQUIFAR),0,,,,X24,
PEPSAMAR HIDROXIDO DE ALUMINIO TABLETAS (SANOFI),0,,,,X100,
PEZONERA (RICHARD),,,,,,
PIEDRA LUMBRE X 15 gr SOBRES (PROMARQUIN),,,,,,
PIEDRA POMEZ DE AZUCAR (YOMA),,,,,,
PIRIDOXINA 50 mg TABLETAS (LAPROFF),0,,,,X100,
PIROXICAM 0.5% X 30 gr GEL (COASPHARMA),0,,,,,
PIROXICAM 20 mg CAPSULAS (COASPHARMA),0,,,,X10,
PIROXICAM 20 mg CAPSULAS (EUROFARMA),0,,,,X10,
PIROXICAM 20 mg TABLETAS (GENFAR),0,,,,X10,
PIROXICAM 40 mg AMPOLLAS INYECTABLE (RECIPE),0,,,,X5,
PIROXICAM PROXIGEL 20 mg CAPSULAS (EUROFARMA),0,,,,,
PLEGADIZA DUREX (RECKITT),,,,,,
PLURIGRAM 500 mg (PATRIC),0,,,,X10,
POLIM + NEO + DEXAMT OFTALMICO X 5 ml (VITAFAR),,,,,,
POLIMIXINA + NEO + DEXAMT OFTALMICO X 5 ml (POLIOFTAL),,,,,,
POLVO COMPACTO #1 DURAZNO X 14 gr (SMART),19,,,,,
POLVO COMPACTO #2 GITANO X 14 gr (SMART),19,,,,,
POLVO COMPACTO #3 BRONCE X 14 gr (SMART),19,,,,,
POMADA PEÑA #4 X 25 gr (PEÑA),19,,,,,
POMADA VACOL X 60 gr (LELVE),,,,,,
POMOATO DE PIRANTEL 250 mg X 15 ml SUSPENSION (GENFAR),,,,,,
POMOS DESMAQUILLADORES,,,,,,
POMOS DESMAQUILLADORES DIVINA  (GIGA),,,,,X50,
PONDS ANTIMANCHAS X 8.5 gr SOBRES (UNILEVER),19,,,,X10,
PONDS CLARANT B3 ACLARADORA X 8.5 gr SOBRES ,19,,,,X10,
PONDS REJUVENES X 8.5 gr SOBRES (UNILEVER),19,,,,X10,
PORTASEDA ORIGINAL (FLOSSERS),,,,,X40,
PORTASEDA PARA NIÑOS TROLLS WORLD X (FLOSSERS),,,,,X20,
POSCALD3CAPSULAS,,,,,X30,
POSTDAY 0.75 mg TABLETAS (LAFRANCOL),,,,,X4,
POSTINOR 0.75 mg TABLETAS (PROFAMILIA),,,,,,
POSTINOR 2 0.75 mg TABLETAS (PROFAMILIA),,,,,,
PRANEXXIN NITAZOXANIDA X 60 ml,,,,,,
PRAZOSINA 1 mg TABLETAS (EXPOFARMA),0,,,,X30,
PRAZOSINA 1 mg TABLETAS (PRATEN),0,,,,X30,
PRAZOSINA PRATEN 1 mg TABLETAS (LABINCO),0,,,,X30,
PREDNISOLONA 5 mgTABLETAS (COASPHARMA),0,,,,X300,
PREDNISOLONA 5 mg TABLETAS (MK),0,,,,X50,
PREGABALINA 75 mg TABLETAS (MK),,,,,X14,
PRIVATOS 0.7 gr X 120 ml JARABE,0,,,,,
PROPANOLOL 40 mg TABLETAS (COASPHARMA),0,,,,X20,
PROPOLEO ADULTO X 350 gr FRASCO (NATURAL FRESHLY),0,,,,,
PROPOLEO CON MIEL DE ABEJAS Y ALOE VERA X 180 gr JALEA,0,,,,,
PROPOLEO CON MIEL DE ABEJAS Y EUCALIPTO X 180 gr JALEA,0,,,,,
PROPOLEO CON MIEL DE ABEJAS Y HEDERA X 180 gr JALEA,0,,,,,
PROPOLEO CON MIEL DE ABEJAS Y HIERBABUENA X 180 gr JALEA,0,,,,,
PROPOLEO CON MIEL DE ABEJAS Y JENGIBRE X 180 gr JALEA,0,,,,,
PROPOLEO NIÑOS ORO DULCE X 180 gr,0,,,,,
PROTECTOR LACTANCIA NOSOTRAS LACTI GEL (NOSOTRAS),,,,,X40,
PROTECTOR SOLAR TACOA SUN SPF50 X 120 ml,19,,,,,
PROTECTORES NOSOTRAS DIARIOS (FAMILIA),,,,,X15,
PRUEBA DE EMBARAZO EN CASSETTE (CHEMI),0,,,,,
PRUEBA DE EMBARAZO EN CASSETTE (HERSON),0,,,,,
PRUEBA DE EMBARAZO EN LAPICERO ,0,,,,,
PULMOSAN HEDERA HELIX X 120 ml JARABE (HEALTH),0,,,,,
PURPUCINA GENTAMICINA X 5 gr UNGÜENTO OFTALMICO (BASS FARMACEUTICA),0,,,,,
PYRALVEX X 10 ml SOLUCION (NEW TRADE),,,,,,
QUANOX X 5 ml GOTAS (SIEGFRIED),,,,,,
QUETIAPINA 25 mg TABLETAS (MK),0,x ,,,X30,
QUETIAPINA 50 mg TABLETAS (MK),0,,,,X30,
QUIMICA INGLESA MISS KIUT (GIGA),,,,,,
QUIMORAL FORTE 400 mg (ARMOFAR),0,,,,X100,
R-EVINET 0.75 mcg TABLETAS,,,,,,
RECOLECTOR CITOQUIMICO,0,,,,,
RECOLECTOR COPROLOGICO (INVERFARMA),0,,,,X50,
RECOLECTOR DE ORINA 24 HORAS BLANCO (CEPILAB),0,,,,,
RECOLECTOR DE ORINA (GRAN ANDINA),0,,,,X50,
REDOXON TOTAL COMPRIMIDOS EFERVESCENTES TABLETAS (BAYER),,,,,X10,
REFRESLYP MIEL TABLETAS,,,,,X104,
REGENEROL MULTIVITAMINICO TABLETAS (LABQUIFAR),0,,,,X30,
REMOVEDOR DE ESMALTE MISS KIUT CON GLICERINA AZUL X 60 ml (GIGA),19,,,,,
REMOVEDOR DE ESMALTE MISS KIUT CON VITAMINA E ROSADO X 120 ml (GIGA),19,,,,,
REMOVEDOR DE ESMALTE MISS KIUT CON VITAMINA E ROSADO X 60 ml (GIGA),19,,,,,
REMOVEDOR DE ESMALTE MISS KIUT EXTRACTO DE AJO X 120 ml (GIGA),19,,,,,
REMOVEDOR LANDER TRADICIONAL X 35 ml,19,,,,,
REPELENTE MOSQUITOS YOKY  NIÑOS X 120 ml (GIGA),,,,,,
REPELENTE MOSQUITOS YOKY X 120 ml  SPRAY (GIGA),,,,,,
REPELENTE ROLL-ON MOSQUITOS X 65 gr ,,,,,,
REPELENTE STAY OFF ADULTO X 120 ml SPRAY ,,,,,,
REPELENTE STAY OFF NIÑOS X 120 ml SPRAY ,,,,,,
REPELENTE YOKY CON EUCALIPTO Y MENTOL X 120 ml LOCION (GIGA),,,,,,
REPELENTE YOKY KIDS  X 120 ml LOCION (GIGA),,,,,,
REPELENTE YOKY KIDS CON EUCALIPTO Y MENTOL X 120 ml LOCION (GIGA),,,,,,
REPELENTE YOKY X 120 ml SPRAY (GIGA),,,,,,
RHEUMADAUL CAPSULAS (EL MANA),0,,,,X60,
RHIFISOL X 30 ml GOTAS NASALES (GERCO),,,,,,
RIPAFEN 1 gr/100 ml X 20 ml (AXON PHARMA),,,,,,
ROBITUSIN FORTE  (PFIZER),,,,,,
ROBITUSIN NIÑOS (PFIZER),,,,,,
ROBITUSSIN FORTE X 150 ml JARABE (PFIZER),,,,,,
ROXICAINA 2% TUBO X 30 ml JALEA (ROPSOHN),,,,,,
ROXICAINA 5% X 10 gr POMADA (ROPSOHN),,,,,,
SAL BONFIEST LUA PLUS SOBRES (TECNOQUIMICAS),0,,,,X16,
SAL DE FRUTAS LUA LIMON SOBRES (TECNOQUIMICAS),0,,,,,
SAL DE FRUTAS LUA PLUS SOBRES (TECNOQUIMICAS),0,,,,X20,
SAL DE FRUTAS LUA SOBRES (TECNOQUIMICAS),0,,,,X50,
SAL DE INGLATERRA X 400 gr (PROMARQUIM),,,,,,
SAL DE MAR X 400 gr (YOMA),0,,,,,
SALBUTAMOL 100 mcg X 200 DOSIS (BCN),0,,,,,
SALBUTAMOL 100 mcg X 200 DOSIS INHALADOR (BCN),0,,,,,
SALBUTAMOL 2 mg - 5 ml X 120 ml JARABE (LAPROFF),0,,,,,
SALES DE REHIDRATACION SOBRES (COASPHARMA),,,,,,
SECNIDAZOL 1 gr TABLETAS (MEMPHIS),0,,,,X10,
SECNIDAZOL 500 mgVTABLETAS (MEMPHIS),0,,,,X4,
SEDA DENTAL SONRIDENT CERA MENTA X 50 metros (PROQUIDENT),19,,,,,
SEDA DENTAL YOKY CERA MENTA X 400 metros (YOKY),19,,,,,
SEDA DENTAL YOKY DENT X 25 metros (YOKY),19,,,,,
SEDA DENTAL YOKY ORGINAL X 30 metros (GIGA),19,,,,,
SERE ALIMENTO GRANULADO ,,,,,,
SERTAL COMPUESTO X 100 COMPRIMIDOS (SCANDINAVIA),,,,,,
SERTRALINA 50 mg TABLETAS,0,,,,,
SERTRALINA SERTRANQUIL 50 mg TABLETAS (LABQUIFAR),0,,,,X10,
SERTRANQUIL 50 mg TABLETAS,0,,,,,
SERTRANQUIL SERTRALINA 100 mg TABLETAS (LABQUIFAR),0,,,,X10,
SEVEDOL EXTRAFUERTE TABLETAS (LAFRANCOL),,,,,X60,
SEVEDOL TENSE TABLETAS (LAFRANCOL),,,,,,
SEVEDOL TABLETAS (LAFRANCOL),,,,,X60,
SHAMPOO CHAMPIOJO SOBRES (GERCO),,,,,,
SHAMPOO H&S LIMPIEZA PROFUNDA CARBON ACTIVADO FRASCO X 180 ml (P&G),,,,,,
SHAMPOO H&S LIMPIEZA PROFUNDA CARBON ACTIVADO FRASCO X 375 ml (P&G),,,,,,
SHAMPOO H&S LIMPIEZA RENOVADORA FRASCO X 180 ml (P&G),,,,,,
SHAMPOO H&S PROTECCION CAIDA FRASCO X 375 ml (P&G),,,,,,
SHAMPOO KETOCONAZOL 1% X 120 ml (FARMANAL),,,,,,
SHAMPOO KETOCONAZOL 1% X 250 ml (FARMANAL),,,,,,
SHAMPOO KETOCONAZOL ANTICASPA X 120 ml (FARMANAL),,,,,,
SHAMPOO KETOCONAZOL ANTICASPA X 250 ml (FARMANAL),,,,,,
SHAMPOO KETOCONAZOL FUNGISTEROL 2% X 100 ml (LABQUIFAR),,,,,,
SHAMPOO KETOCONAZOL X 120 ml (FARMANAL),,,,,,
SHAMPOO KETOCONAZOL X 250 ml (FARMANAL),,,,,,
SHAMPOO KONZIL SEDA LIQUIDA + VIT B5 SOBRES ,,,,,X18,
SHAMPOO KONZIL ULTRA RESTAURACION X 20 ml SACHETS,,,,,,
SHAMPOO MEDICASP 2% CON KETOCONAZOL X 100 ml (GENOMA),,,,,,
SHAMPOO MEDICASP 2% X 100 ml (GENOMA),,,,,,
SHAMPOO MEDICASP X 100 ml (GENOMA),,,,,,
SHAMPOO SAVITAL CON ACEITE DE ARGAN Y SABILA SOBRES,,,,,,
SHAMPOO SEDAL SOS CERAMIDAS X 18 ml SOBRES (UNILEVER),,,,,X20,
SHAMPOO VANART COCO KERATINA SACHETS (GENOMMA),,,,,X12,
SHOT B CAPSULA BLANDA (GENOMMA),19,,,,X30,
SICATRI C X 30 gr UNGÜENTO (BETHEL),,,,,,
SILDENAFIL (ERASSIN) 100 mg TABLETAS (LABINCO),0,,,,X2,
SILDENAFIL (ERASSIN) 50 mg TABLETAS (LABINCO),0,,,,X2,
SILDENAFIL 50 mg TABLETAS (GENFAR),0,,,,X2,
SILDENAFIL 50 mg TABLETAS (MEMPHIS),0,,,,X2,
SILDENAFIL 50 mg TABLETAS (MK),0,,,,X2,
SILDENAFIL 50 mg TABLETAS MASTICABLES (LA SANTE),0,,,,X2,
SILDENAFIL 50 mg TABLETAS (GENFAR),0,,,,X4,
SILDENAFIL 50 mg TABLETAS (MK),0,,,,X4,
SILDENAFIL 50 mg TABLETAS (RECIPE),0,,,,X4,
SILDENAFIL MASTICABLE 50 mg TABLETAS (LAFRANCOL),0,,,,X2,
SILDENAFILO 50 mg TABLETAS,0,,,,X4,
SILIGAS GOTAS X 30 ml,0,,,,,
SILIMARINA 150 mg CAPSULAS (COASPHARMA),,,,,X20,
SIMPIOX 0.6% X 5 ml GOTAS (GERCO),,,,,,
SINOVUL TABLETAS (LAFRANCOL),0,,,,,
SINUTAB PLUS NS TABLETAS (JOHNSON),,,,,X12,
SINUTAB PLUS TABLETAS (JOHNSON),,,,,X12,
SMECTA X 3 gr SOBRES (LAFRANCOL),,,,,X10,
SOLHIDREX SALES DE REHIDRATACION 28.4 gr FRESA SOBRES (LABINCO),,,,,X30,
SOLHIDREX SALES DE REHIDRATACION 28.4 gr UVA SOBRES (LABINCO),,,,,X30,
SOREL LOCION X 120 ml (LABSOREL),0,,,,,
SORIDERM LOCION X 120 ml (ANGLOPHARMA),0,,,,,
STAN-K 500 mg TABLETAS (LABORATORIO STELAR),,,,,X100,
STEVIA BIOLADIET TABLETAS  (AMERICA),5,,,,X150,
STEVIA BIOLADIET TABLETAS  (AMERICA),5,,,,X500,
STREPSILS MIEL Y LIMON TABLETAS (RECKITT),,,,,X16,
SUERO FISIOLOGICO 9% X 100 ml (CORPAUL),0,,,,,
SUERO FISIOLOGICO 9% X 500ml BOLSA (CORPAUL),0,,,,,
SUERO FISIOLOGICO RHIFISOL X 30 cc GOTAS (GERCO),0,,,,,
SUGASTRIN SUCRALFATO 1 grTABLETAS (FARMASER),0,,,,X20,
SULFADIAZINA DE PLATA 1% X 15 gr CREMA (GENFAR),0,,,,,
SULFADIAZINA DE PLATA 1% X 30 gr CREMA (MEMPHIS),0,,,,,
SULFADIAZINA DE PLATA X 30 gr CREMA (MEMPHIS),0,,,,,
SULFASALAZINA 500 mg GRAGEAS (RECIPE),0,,,,X10,
SULFATO DE MAGNESIO X 400 gr BOLSA (PROMARQUIM),19,,,,,
SULFATO FERROSO 300 mg TABLETAS (ECAR),0,,,,X250,
SULFATO FERROSO 300 mg GRAGEAS (LAPROFF),0,,,,X300,
SULFATO FERROSO 4 gr/100 ml X 120 ml JARABE (LAPROFF),0,,,,,
SULFATO FERROSO X 20 ml GOTAS (LAPROFF),0,,,,,
SULZINC SULFATO DE ZINC 2 mg X 80 ml JARABE,,,,,,
SUNDARK 60 ADULTOS SACHET ,,,,,,
SUNDOWN PROTECTOR SOLAR SPF 60 SOBRE X 8 ml,,,,,,
SUPLEMENTO DIETARIO ROSSURE VAINILLA X 400 gr (BETHEL),,,,,,
SUPRIFENO 100 mg/5 ml X 60 ml FRASCO,,,,,,
TADALAFILO 20 mg TABLETAS (LAPROFF),0,,,,,
TADALAFILO 20 mg TABLETAS (MEMPHIS),0,,,,X4,
TALCID CEREZA TABLETAS (BAYER),,,,,X60,
TALCO MEXSANA LADY X 300 gr (BAYER),19,,,,,
TALCO MEXSANA LADY X 85 gr (BAYER),19,,,,,
TALCO MEXSANA X 150 gr (BAYER),0,,,,,
TALCO MEXSANA X 85 gr (BAYER),0,,,,,
TALCO PARA BEBE YOKY BABY PERFUMADO X 200 gr (GIGA),,,,,,
TALCO PATOTAS TERBINAFINA 1% X 120 gr (QUIRUPOS),,,,,,
TALCO PATOTAS TERBINAFINA 1% X 50 gr (QUIRUPOS),,,,,,
TALCO PIES YOKY FRESH X 85 ml (GIGA),,,,,,
TALCO PIES YOKY X 85 gr (GIGA),,,,,,
TAMPONES NOSOTRAS REGULAR SIN APLICADOR ,0,,,,,
TAMPONES OB DIGITAL MEDIO (JOHNSON),0,,,,,
TAMPONES OB DIGITAL SUPER (JOHNSON ),0,,,,,
TAMPONES OB ORIGINAL MEDIO (JOHNSON),0,,,,,
TAMPONES OB ORIGINAL SUPER (JOHNSON ),0,,,,,
TAPABOCAS AZUL BEGUT EMPAQUE INDIVIDUAL (SEVENPHAR),0,,,,X50,
TAPABOCAS DESECHABLES RESORTADAS (CEPILAB),0,,,,X50,
TAPABOCAS DESECHABLES TERMOSELLADO NIÑOS (JHOKER),0,,,,,
TAPABOCAS PEDIATRICO EMPAQUE INDIVIDUAL (BEGUT),0,,,,X50,
TAPABOCAS PROTEKTA EMPAQUE INDIVIDUAL (PROCAPS),0,,,,X30,
TARRITO ROJO TRADICIONAL X 135 gr (JGB),,,,,,
TARRITO ROJO TRADICIONAL X 330 gr (JGB),,,,,,
TEATRICAL CREMA FACIAL ACLARADORA X 15 ml SACHETS ,,,,,,
TEATRICAL CREMA FACIAL ANTIARRUGAS X 15 ml SACHETS ,,,,,,
TEOLIXIR TEOFILINA 125 mg X 30 CAPSULAS (ANGLOPHARMA),0,,,,,
TEOLIXIR X 240 ml JARABE (ANGLOPHARMA),0,,,,,
TERMOMETRO DIGITAL PUNTA RIGIDA,,,,,,
TETERO DOBLE MANIJA GRANDE X 8 oz (GRAN ANDINA),,,,,,
TETERO DOBLE MANIJA PEQUEÑO X 5 oz (GRAN ANDINA),,,,,,
THIMEROSAL INCOLORO X 25 ml (PROMARQUIM),,,,,,
TIAMINA 300 mg TABLETAS (ECAR),,,,,X250,
TIMOL-OFT TIMOLOL 0.5% X 5 ml GOTAS (QUIRUPOS),,,,,,
TINIDAZOL 1 gr TABLETAS (GENFAR),0,,,,X4,
TINIDAZOL 1 gr TABLETAS (MEMPHIS),0,,,,X4,
TINIDAZOL 500 mg TABLETAS (GENFAR),0,,,,X8,
TINTURA DE BENJUI X 20 CC (YOMA),,,,,,
TINTURA DE RUIBARDO X 30 cc (DROGAM),,,,,,
TINTURA ONIX TABLETAS (PEÑA),,,,,X8,
TIZANIDINA 2 mg TABLETAS (BIOQUIFAR),0,,,,,
TIZANIDINA 4 mg TABLETAS (IMPOFLEX),0,,,,,
TOALLAS HIGIENICAS BREEZE DAYS ,,,,,X10,
TOALLAS HIGIENICAS ELLAS DELGADAS CON ALAS ,,,,,X10,
TOALLAS HIGIENICAS NOSOTRAS BUENAS NOCHES ,,,,,X10,
TOALLAS HIGIENICAS NOSOTRAS INVISIBLE ANTIBACTERIAL,,,,,X10,
TOALLAS HIGIENICAS NOSOTRAS INVISIBLE RAPIGEL CON ALAS ,,,,,X10,
TOALLAS HIGIENICAS NOSOTRAS INVISIBLE RAPIGEL DISPENSADOR,,,,,X30,
TOALLAS HIGIENICAS NOSOTRAS INVISIBLE RAPIGN CON ALAS ,,,,,X10,
TOALLAS HIGIENICAS NOSOTRAS INVISIBLE TELA CON ALAS,,,,,X10,
TOALLAS HIGIENICAS NOSOTRAS NORMAL SIN ALAS TELA TIPO ALGODÓN,,,,,X10,
TOALLAS HIGIENICAS NOSOTRAS NORMAL TELA TIPO ALGODÓN,,,,,X10,
TOALLAS MATERNITY  (OPTION),,,,,X10,
TOBRAMICINA TOBRAVISION 0.3% X 5 ml SOLUCION OFTALMICA (VITALIS),,,,,,
TOR PROCTOLOGICA X 10 gr CREMA (BLASKOV),0,,,,,
TOTUMO SIN AZUCAR X 240 ml (FUNAT),,,,,,
TRAMADOL 10% X 10 ml GOTAS (EXPOFARMA),0,,,,,
TRAMADOL 50 mg CAPSULAS (MEMPHIS),0,,,,X10,
TRAVAD ORAL LIMON X 133ml SOLUCION,,,,,,
TRAZODONA 50 mg TABLETAS (RECIPE),0,,,,X50,
TREDOLACETAMINOFEN TABLETAS,,,,,X10,
TREXBAY CLOTRI+DEZAM+NEOM X 30 gr (MEMPHIS),,,,,,
TRICLIMBAC X 10 ml GOTAS (LABQUIFAR),0,,,,,
TRICLOMIFAR CLOTRI/MEONI/DEXAMET X 20 gr CREMA TOPICA (LABQUIFAR),,,,,,
TRIMEBUTINA 200 mg TABLETAS (COASPHARMA),0,,,,X330,
TRIMEBUTINA 200 mg/ SIMETICONA 120 mg TABLETAS (PROCAPS),0,,,,X30,
TRIMETOPRIM SULFA F 160 mg - 800 mg TABLETAS (TECNOQUIMICAS),,,,,X100,
TRIMICORT 0.05% X 60 ml LOCION (PROFMA),,,,,,
TRIMICORT X 40 gr CREMA (PROFMA),,,,,,
TUKOL-D X 125 ml JARABE (GENOMMA),,,,,,
ULTRA COREGA CREMA ADHESIVA MENTA X 20 gr (GLAXOSMITHKLINE),19,,,,,
ULTRA COREGA CREMA ADHESIVA MENTA X 40 gr (GLAXOSMITHKLINE),19,,,,,
ULTRA COREGA CREMA ADHESIVA SIN SABOR X 20 gr (GLAXOSMITHKLINE),19,,,,,
ULTRA COREGA CREMA ADHESIVA SIN SABOR X 40 gr (GLAXOSMITHKLINE),19,,,,,
UMQUAN X 20 ml GOTAS,,,,,,
UNESIA BIFONAZOL 1% X 20 gr ,0,,,,,
UNESIA CREMA X 20 gr (GENOMMA),0,,,,,
UNGÜENTO MEREY X 15 gr LATA (MEREY),0,,,,,
UROCYCLAR 400 mg TABLETAS (ARMOFAR),0,,,,X14,
UROVITAL INFECCIONES URINARIAS CAPSULAS (NATURAL FRESHLY),0,,,,X60,
UTUTUY UVA COLAGENO HIDROLIZADO + BIOTINA + VITAMINA C,,,,,,
VACOL POMADA REDUCTORA X 60 gr (LELVE),19,,,,,
VACOL POMADA X 60 gr (LELVE),19,,,,,
VACOL X 20 gr POMADA (LELVE),19,,,,,
VAIO BETAHISTINA 8 mg TABLETAS (BIOQUIFAR),,,,,,
VALERIANA X 30 ml GOTAS (NUTRIMED),0,,,,,
VALERIANA X 60 ml GOTAS (PRONABELL),0,,,,,
VASELINA X 120 gr (PROMARQUIM),19,,,,,
VASELINA X 180 gr (PROMARQUIM),19,,,,,
VASELINA X 25 gr (YOMA),19,,,,,
VASELINA X 500 gr (PROMARQUIM),19,,,,,
VASELINA X 60 gr (PROMARQUIM),19,,,,,
VASELINA X 60 gr (YOMA),19,,,,,
VENASFULLL (NATURAL FRHESLY),,,,,,
"VENDA DE TELA 2""X5 YARDAS (MEDICAL SUPPLIES)",0,,,,,
"VENDA DE TELA 3"" (MEDICAL SUPPLIES)",0,,,,,
"VENDA DE TELA 3""X5 YARDAS (MEDICAL SUPPLIES)",0,,,,,
VENDA DE TELA BLANCA 4X5 YARDAS (MEDICAL SUPPLIES),0,,,,,
VENDA DE TELA PIEL 5X5 YARDAS (MEDICAL SUPPLIES),0,,,,,
VENDA DE TELA PIEL 6X5 YARDAS (MEDICAL SUPPLIES),0,,,,,
"VENDA ELASTICA BLANCA 2""X5 YARDAS (BIOFARMA)",0,,,,,
"VENDA ELASTICA BLANCA 2""X5 YARDAS (MEDICAL SUPPLIES)",0,,,,,
"VENDA ELASTICA BLANCA 3""X5 YARDAS (BIOFARMA)",0,,,,,
"VENDA ELASTICA BLANCA 3""X5 YARDAS (MEDICAL SUPPLIES)",0,,,,,
"VENDA ELASTICA BLANCA 4""X5 YARDAS (BIOFARMA)",0,,,,,
"VENDA ELASTICA BLANCA 4""X5 YARDAS (MEDICAL SUPPLIES)",0,,,,,
"VENDA ELASTICA BLANCA 5""X5 YARDAS (BIOFARMA)",0,,,,,
"VENDA ELASTICA BLANCA 5""X5 YARDAS (MEDICAL SUPPLIES)",0,,,,,
"VENDA ELASTICA BLANCA 6""X5 YARDAS (BIOFARMA)",0,,,,,
"VENDA ELASTICA BLANCA 6""X5 YARDAS (MEDICAL SUPPLIES)",0,,,,,
"VENDA ELASTICA PIEL 2""X5 YARDAS (MEDICAL SUPPLIES)",0,,,,,
"VENDA ELASTICA PIEL 3""X5 YARDAS (MEDICAL SUPPLIES)",0,,,,,
"VENDA ELASTICA PIEL 4""X5 YARDAS (MEDICAL SUPPLIES)",0,,,,,
"VENDA ELASTICA PIEL 5""X5 YARDAS (MEDICAL SUPPLIES)",0,,,,,
"VENDA ELASTICA PIEL 6""X5 YARDAS (MEDICAL SUPPLIES)",0,,,,,
VERAPAMILO 120 mg GRAGEAS (TECNOQUIMICAS),0,,,,X30,
VERELIS 20 mg TABLETAS (BIOQUIFAR),0,,,,X4,
VIBAZINA BUCLIZINA 25 mg TABLETAS (PFIZER),,,,,X40,
VICAL VITAMINA C NARANJA 500 mg TABLETAS (ECAR),,,,,X144,
VICAL VITAMINA C SIN AZUCAR MANDARINA TABLETAS,,,,,,
VICAL VITAMINA C SIN AZUCAR NARANJA TABLETAS,,,,,,
VICAL VITAMINA C SIN AZUCAR TUTTI FRUTI TABLETAS,,,,,,
VICK CEREZA PASTILLAS SOBRES,19,,,,X24,
VICK EXPECTORANTE X 120 ml JARABE,0,,,,,
VICK MENTOL PASTILLAS SOBRES,19,,,,X24,
VICK NARANJA PASTILLAS SOBRES,19,,,,X24,
VICK VAPORUB X 12 gr UNGÜENTO,0,,,,,
VICK VAPORUB X 50 gr UNGÜENTO,0,,,,,
VIOLETA DE GENCIANA X 20 ml (PROMARQUIM),0,,,,,
VIOLETA DE GENCIANA X 20 ml (YOMA),0,,,,,
VITACEREBRINA CEREZA X 180 ml JARABE (FINLAY),,,,,,
VITACEREBRINA NARANJA X 180 ml JARABE (FINLAY),,,,,,
VITAMINA B12 1 mg INYECTABLE AMPOLLAS (BUSSIE),0,,,,X6,
VITAMINA C 10 gr/100 ml X 30 ml GOTAS(COASPHARMA),0,,,,,
VITAMINA C 100 mg/ml X 30 ml ,0,,,,,
VITAMINA C 500 mg CHICLE TABLETAS ,0,,,,,
VITAMINA C 500 mg NARANJA TABLETAS (TECNOQUIMICAS),0,,,,X100,
VITAMINA C CRE-C SOBRES GOMITAS MASTICABLES (NATURAL FRESHLY),0,,,,X12,
VITAMINA C VITAC3 CON ZINC NARANJA  SOBRES (KEVIPHARMA),0,,X10,,X10,
VITAMINA E 400 CAPSULAS (PROCAPS),,,,,X100,
VIVERA SACHETS (MERCK),,,,,X8,
VOLTAREN 1% X 30 gr EMULGEL (GLAXOSMITHKLINE),0,,,,,
VOLTAREN 75mg/3ml AMPOLLAS,0,,,,,
WARFAR WARFARINA 5 mgTABLETAS (BIOQUIFAR),0,,,,X30,
WASSERTROL X 5 ml SOLUCION OFTALMICA (TECNOQUIMICAS),0,,,,,
X RAY DOL X 30 gr GEL (GENOMMA),0,,,,,
X RAY DOL CAPSULAS (GENOMMA),0,,,,X48,
X-BOOS X 20 ml SACHETS,,,,,,
YASMIN IQ TABLETAS (BAYER),,,,,X28,
YASMIN GRAGEAS (BAYER),,,,,X21,
YODO BLANCO X 20 ml (PROMARQUIM),,,,,,
YODO BLANCO X 25 CC (YOMA),,,,,,
YODOPOVIDONA YODINFEX 10 gr X 60 ml SOLUCION TOPICA (LEBRIUT),0,,,,,
YODORA X 12 gr CREMA (TECNOQUIMICAS),,,,,,
YODOSALIL FRASCO GRAGEAS (TECNOQUIMICAS),,,,,X30,
ZARZABEN ZARZAPARRILLA X 360 ml (ICA PHARMA),,,,,,
ZARZAPARRILLA XARBEN X 360 ml ,,,,,,
ZIFLUVIS ACETILCISTEINA 600 mg X 3 gr SOBRES (BIOQUIFAR),,,,,X30,
ZIFLUVIS N-ACETILCISTEINA 200 mg SOBRES (BIOQUIFAR),,,,,X30,
ZINCVIT GRANULADO VAINILLA X 300 gr,0,,,,,
ZOPICLONA 7.5 TABLETAS (RECIPE),0,,,,X30,